"approach","dataset","nrow","depth","lambda","time_limit","status","obj_value","train_acc","gap","node_count","solving_time","cb_time_int","cb_time_int_suc","cb_counter_int","cb_counter_int_suc","test_acc","calib_acc","sample"
"Cart","soybean-small_enc.csv",35,2,0.1,600,"NA","NA",0.8,"NA","NA",0.0,"NA","NA","NA","NA",0.75,0.6666666666666666,1
"BendersOCT","soybean-small_enc.csv",35,2,0.1,600,2,-0.29999999999997584,1.0,0.0,317.0,1.2138149738311768,0.29808497428894043,0.27422022819519043,25,15,1.0,1.0,1
"FlowOCT","soybean-small_enc.csv",35,2,0.1,600,2,-0.2999999999999794,1.0,0.0,1.0,0.31413841247558594,0,0,0,0,1.0,1.0,1
"binOCT","soybean-small_enc.csv",35,2,0.1,600,2,0.0,1.0,0.0,11.0,0.633103609085083,0,0,0,0,1.0,1.0,1
"OCT","soybean-small_enc.csv",35,2,0.1,600,2,125.7,1.0,0.0,562.0,3.545422315597534,0,0,0,0,1.0,1.0,1
"Cart","soybean-small_enc.csv",35,2,0.1,600,"NA","NA",0.8571428571428571,"NA","NA",0.0,"NA","NA","NA","NA",0.5833333333333334,0.8333333333333334,2
"BendersOCT","soybean-small_enc.csv",35,2,0.1,600,2,-0.29999999999997584,1.0,0.0,169.0,0.8390522003173828,0.2171785831451416,0.20758962631225586,16,10,1.0,1.0,2
"FlowOCT","soybean-small_enc.csv",35,2,0.1,600,2,-0.2999999999999794,1.0,0.0,23.0,1.1048483848571777,0,0,0,0,1.0,1.0,2
"binOCT","soybean-small_enc.csv",35,2,0.1,600,2,0.0,1.0,0.0,1.0,0.49448490142822266,0,0,0,0,1.0,1.0,2
"OCT","soybean-small_enc.csv",35,2,0.1,600,2,125.7,1.0,0.07955449482896462,643.0,4.445924520492554,0,0,0,0,1.0,1.0,2
"Cart","soybean-small_enc.csv",35,2,0.1,600,"NA","NA",0.8285714285714286,"NA","NA",0.009891033172607422,"NA","NA","NA","NA",0.6666666666666666,0.8333333333333334,3
"BendersOCT","soybean-small_enc.csv",35,2,0.1,600,2,-0.29999999999997584,1.0,0.0,292.0,1.2966208457946777,0.42621278762817383,0.3950316905975342,20,15,1.0,1.0,3
"FlowOCT","soybean-small_enc.csv",35,2,0.1,600,2,-0.2999999999999794,1.0,0.0,43.0,0.6092114448547363,0,0,0,0,1.0,1.0,3
"binOCT","soybean-small_enc.csv",35,2,0.1,600,2,0.0,1.0,0.0,1.0,0.6187534332275391,0,0,0,0,1.0,1.0,3
"OCT","soybean-small_enc.csv",35,2,0.1,600,2,125.7,1.0,0.0,541.0,4.038647890090942,0,0,0,0,1.0,1.0,3
"Cart","soybean-small_enc.csv",35,2,0.1,600,"NA","NA",0.8571428571428571,"NA","NA",0.004347801208496094,"NA","NA","NA","NA",0.5833333333333334,0.8333333333333334,4
"BendersOCT","soybean-small_enc.csv",35,2,0.1,600,2,-0.29999999999997584,1.0,0.0,294.0,0.7717971801757812,0.2194538116455078,0.21164917945861816,20,14,1.0,1.0,4
"FlowOCT","soybean-small_enc.csv",35,2,0.1,600,2,-0.29999999999997584,1.0,0.0,1.0,0.4420924186706543,0,0,0,0,1.0,1.0,4
"binOCT","soybean-small_enc.csv",35,2,0.1,600,2,0.0,1.0,0.0,83.0,0.8793275356292725,0,0,0,0,1.0,1.0,4
"OCT","soybean-small_enc.csv",35,2,0.1,600,2,125.7,1.0,0.0,589.0,6.784040451049805,0,0,0,0,1.0,1.0,4
"Cart","soybean-small_enc.csv",35,3,0.1,600,"NA","NA",1.0,"NA","NA",0.004734516143798828,"NA","NA","NA","NA",1.0,1.0,1
"BendersOCT","soybean-small_enc.csv",35,3,0.1,600,2,-0.29999999999997584,1.0,0.0,532.0,2.8029747009277344,0.7890758514404297,0.7420594692230225,32,24,1.0,1.0,1
"FlowOCT","soybean-small_enc.csv",35,3,0.1,600,2,-0.29999999999997584,1.0,0.0,1.0,0.5349187850952148,0,0,0,0,1.0,1.0,1
"binOCT","soybean-small_enc.csv",35,3,0.1,600,2,0.0,1.0,0.0,1.0,0.9429569244384766,0,0,0,0,1.0,1.0,1
"OCT","soybean-small_enc.csv",35,3,0.1,600,2,251.4,1.0,0.07955449482895331,518.0,9.365910530090332,0,0,0,0,1.0,1.0,1
"Cart","soybean-small_enc.csv",35,3,0.1,600,"NA","NA",1.0,"NA","NA",0.0066564083099365234,"NA","NA","NA","NA",1.0,1.0,2
"BendersOCT","soybean-small_enc.csv",35,3,0.1,600,2,-0.29999999999997584,1.0,0.0,282.0,2.171581745147705,0.8145534992218018,0.7875113487243652,20,15,1.0,1.0,2
"FlowOCT","soybean-small_enc.csv",35,3,0.1,600,2,-0.29999999999997584,1.0,0.0,1.0,0.9836821556091309,0,0,0,0,1.0,1.0,2
"binOCT","soybean-small_enc.csv",35,3,0.1,600,2,0.0,1.0,0.0,1.0,1.0068740844726562,0,0,0,0,0.75,1.0,2
"OCT","soybean-small_enc.csv",35,3,0.1,600,2,251.4,1.0,0.07955449482895331,518.0,12.918610572814941,0,0,0,0,1.0,1.0,2
"Cart","soybean-small_enc.csv",35,3,0.1,600,"NA","NA",1.0,"NA","NA",0.002231597900390625,"NA","NA","NA","NA",1.0,1.0,3
"BendersOCT","soybean-small_enc.csv",35,3,0.1,600,2,-0.29999999999997584,1.0,0.0,167.0,2.0806612968444824,0.7710940837860107,0.7516510486602783,34,28,1.0,1.0,3
"FlowOCT","soybean-small_enc.csv",35,3,0.1,600,2,-0.29999999999997584,1.0,0.0,1.0,1.1604857444763184,0,0,0,0,1.0,1.0,3
"binOCT","soybean-small_enc.csv",35,3,0.1,600,2,0.0,1.0,0.0,1.0,0.975428581237793,0,0,0,0,1.0,1.0,3
"OCT","soybean-small_enc.csv",35,3,0.1,600,2,251.4,1.0,0.07955449482895331,537.0,16.874184370040894,0,0,0,0,1.0,1.0,3
"Cart","soybean-small_enc.csv",35,3,0.1,600,"NA","NA",1.0,"NA","NA",0.0,"NA","NA","NA","NA",1.0,1.0,4
"BendersOCT","soybean-small_enc.csv",35,3,0.1,600,2,-0.29999999999997584,1.0,0.0,178.0,1.444988489151001,0.5264291763305664,0.5135984420776367,25,19,1.0,1.0,4
"FlowOCT","soybean-small_enc.csv",35,3,0.1,600,2,-0.29999999999997584,1.0,0.0,1.0,1.831132173538208,0,0,0,0,1.0,1.0,4
"binOCT","soybean-small_enc.csv",35,3,0.1,600,2,0.0,1.0,0.0,1.0,1.073946237564087,0,0,0,0,1.0,1.0,4
"OCT","soybean-small_enc.csv",35,3,0.1,600,2,251.4,1.0,0.07955449482895331,523.0,14.926710844039917,0,0,0,0,1.0,1.0,4
"Cart","soybean-small_enc.csv",35,4,0.1,600,"NA","NA",1.0,"NA","NA",0.0028226375579833984,"NA","NA","NA","NA",1.0,1.0,1
"BendersOCT","soybean-small_enc.csv",35,4,0.1,600,2,-0.2999999999999723,1.0,0.0,285.0,3.563448905944824,1.031606674194336,0.9864497184753418,36,26,1.0,1.0,1
"FlowOCT","soybean-small_enc.csv",35,4,0.1,600,2,-0.29999999999997584,1.0,0.0,1.0,7.542986154556274,0,0,0,0,1.0,1.0,1
"binOCT","soybean-small_enc.csv",35,4,0.1,600,2,0.0,1.0,0.0,1.0,2.5882177352905273,0,0,0,0,1.0,1.0,1
"OCT","soybean-small_enc.csv",35,4,0.1,600,2,503.1,1.0,0.09938382031405286,513.0,44.14037561416626,0,0,0,0,1.0,1.0,1
"Cart","soybean-small_enc.csv",35,4,0.1,600,"NA","NA",1.0,"NA","NA",0.0,"NA","NA","NA","NA",1.0,1.0,2
"BendersOCT","soybean-small_enc.csv",35,4,0.1,600,2,-0.29999999999997584,1.0,0.0,99.0,2.189300537109375,0.9202272891998291,0.8939037322998047,25,18,1.0,1.0,2
"FlowOCT","soybean-small_enc.csv",35,4,0.1,600,2,-0.29999999999997584,1.0,0.0,1.0,3.5036725997924805,0,0,0,0,1.0,1.0,2
"binOCT","soybean-small_enc.csv",35,4,0.1,600,2,0.0,1.0,0.0,1.0,2.562375068664551,0,0,0,0,1.0,1.0,2
"OCT","soybean-small_enc.csv",35,4,0.1,600,2,503.2,1.0,0.07949125596185098,526.0,62.63042140007019,0,0,0,0,1.0,1.0,2
"Cart","soybean-small_enc.csv",35,4,0.1,600,"NA","NA",1.0,"NA","NA",0.0,"NA","NA","NA","NA",1.0,1.0,3
"BendersOCT","soybean-small_enc.csv",35,4,0.1,600,2,-0.29999999999997584,1.0,0.0,232.0,2.5603652000427246,1.1069746017456055,1.0851268768310547,29,22,1.0,1.0,3
"FlowOCT","soybean-small_enc.csv",35,4,0.1,600,2,-0.2999999999999723,1.0,0.0,1.0,1.7593472003936768,0,0,0,0,1.0,1.0,3
"binOCT","soybean-small_enc.csv",35,4,0.1,600,2,0.0,1.0,0.0,1.0,2.4288978576660156,0,0,0,0,1.0,1.0,3
"OCT","soybean-small_enc.csv",35,4,0.1,600,2,503.2,1.0,0.07949125596185098,1.0,31.903297662734985,0,0,0,0,1.0,1.0,3
"Cart","soybean-small_enc.csv",35,4,0.1,600,"NA","NA",1.0,"NA","NA",0.0,"NA","NA","NA","NA",1.0,1.0,4
"BendersOCT","soybean-small_enc.csv",35,4,0.1,600,2,-0.29999999999997584,1.0,0.0,92.0,2.080512762069702,0.7711920738220215,0.7502574920654297,22,16,1.0,1.0,4
"FlowOCT","soybean-small_enc.csv",35,4,0.1,600,2,-0.29999999999997584,1.0,0.0,19.0,5.90003228187561,0,0,0,0,1.0,1.0,4
"binOCT","soybean-small_enc.csv",35,4,0.1,600,2,0.0,1.0,0.0,1.0,1.9479775428771973,0,0,0,0,1.0,1.0,4
"OCT","soybean-small_enc.csv",35,4,0.1,600,2,503.1,1.0,0.09938382031405286,381.0,52.13695311546326,0,0,0,0,1.0,1.0,4
"Cart","soybean-small_enc.csv",35,5,0.1,600,"NA","NA",1.0,"NA","NA",0.0,"NA","NA","NA","NA",1.0,1.0,1
"BendersOCT","soybean-small_enc.csv",35,5,0.1,600,2,-0.29999999999997584,1.0,0.0,218.0,3.8399901390075684,0.975644588470459,0.9604601860046387,29,23,1.0,1.0,1
"FlowOCT","soybean-small_enc.csv",35,5,0.1,600,2,-0.2999999999999723,1.0,0.0,1.0,12.540095806121826,0,0,0,0,1.0,1.0,1
"binOCT","soybean-small_enc.csv",35,5,0.1,600,2,0.0,1.0,0.0,1.0,5.057816028594971,0,0,0,0,0.8333333333333334,1.0,1
"OCT","soybean-small_enc.csv",35,5,0.1,600,2,1006.5,1.0,0.09935419771485346,1.0,432.90425300598145,0,0,0,0,0.9166666666666666,1.0,1
"Cart","soybean-small_enc.csv",35,5,0.1,600,"NA","NA",1.0,"NA","NA",0.0,"NA","NA","NA","NA",1.0,1.0,2
"BendersOCT","soybean-small_enc.csv",35,5,0.1,600,2,-0.29999999999997584,1.0,0.0,267.0,2.731602907180786,0.8711879253387451,0.8572168350219727,38,30,1.0,1.0,2
"FlowOCT","soybean-small_enc.csv",35,5,0.1,600,2,-0.300000000000054,1.0,0.0,1.0,14.986818075180054,0,0,0,0,1.0,1.0,2
"binOCT","soybean-small_enc.csv",35,5,0.1,600,2,0.0,1.0,0.0,1.0,3.203049898147583,0,0,0,0,0.75,1.0,2
"OCT","soybean-small_enc.csv",35,5,0.1,600,2,1007.0,1.0,0.059582919563060846,82.0,94.69491696357727,0,0,0,0,1.0,1.0,2
"Cart","soybean-small_enc.csv",35,5,0.1,600,"NA","NA",1.0,"NA","NA",0.0,"NA","NA","NA","NA",1.0,1.0,3
"BendersOCT","soybean-small_enc.csv",35,5,0.1,600,2,-0.29999999999997584,1.0,0.0,171.0,2.1746256351470947,0.3797788619995117,0.3688199520111084,20,14,1.0,1.0,3
"FlowOCT","soybean-small_enc.csv",35,5,0.1,600,2,-0.2999999999999723,1.0,0.0,1.0,8.636093139648438,0,0,0,0,1.0,1.0,3
"binOCT","soybean-small_enc.csv",35,5,0.1,600,2,0.0,1.0,0.0,1.0,3.21636962890625,0,0,0,0,0.8333333333333334,1.0,3
"OCT","soybean-small_enc.csv",35,5,0.1,600,2,1006.6,1.0,0.09934432743890324,28.0,100.10640335083008,0,0,0,0,1.0,1.0,3
"Cart","soybean-small_enc.csv",35,5,0.1,600,"NA","NA",1.0,"NA","NA",0.00801706314086914,"NA","NA","NA","NA",1.0,1.0,4
"BendersOCT","soybean-small_enc.csv",35,5,0.1,600,2,-0.29999999999997584,1.0,0.0,142.0,2.2068896293640137,0.6199400424957275,0.6149308681488037,27,22,1.0,1.0,4
"FlowOCT","soybean-small_enc.csv",35,5,0.1,600,2,-0.29999999999997584,1.0,0.0,1.0,9.295950889587402,0,0,0,0,1.0,1.0,4
"binOCT","soybean-small_enc.csv",35,5,0.1,600,2,0.0,1.0,0.0,1.0,3.1708168983459473,0,0,0,0,1.0,1.0,4
"OCT","soybean-small_enc.csv",35,5,0.1,600,2,1006.8,1.0,0.07945967421534249,82.0,90.19933652877808,0,0,0,0,1.0,1.0,4
"Cart","breast-cancer_enc.csv",207,2,0.1,600,"NA","NA",0.7053140096618358,"NA","NA",0.0,"NA","NA","NA","NA",0.7142857142857143,0.7391304347826086,1
"BendersOCT","breast-cancer_enc.csv",207,2,0.1,600,2,-42.600000000000676,0.7729468599033816,0.0,6243.0,13.347840547561646,1.3043625354766846,1.2153775691986084,38,27,0.7285714285714285,0.8115942028985508,1
"FlowOCT","breast-cancer_enc.csv",207,2,0.1,600,2,-42.600000000000676,0.7729468599033816,0.0,7797.0,29.956184148788452,0,0,0,0,0.7285714285714285,0.8115942028985508,1
"binOCT","breast-cancer_enc.csv",207,2,0.1,600,2,47.0,0.7729468599033816,0.09671179883947628,56396.0,111.76996493339539,0,0,0,0,0.7285714285714285,0.8115942028985508,1
"OCT","breast-cancer_enc.csv",207,2,0.1,600,2,702.6,0.7729468599033816,0.09962994591517868,3623.0,91.34709978103638,0,0,0,0,0.7285714285714285,0.7971014492753623,1
"Cart","breast-cancer_enc.csv",207,2,0.1,600,"NA","NA",0.6908212560386473,"NA","NA",0.001995086669921875,"NA","NA","NA","NA",0.7571428571428571,0.6956521739130435,2
"BendersOCT","breast-cancer_enc.csv",207,2,0.1,600,2,-38.100000000000705,0.7971014492753623,0.022713506966338087,4654.0,17.736583471298218,1.3777682781219482,1.2948272228240967,45,36,0.6571428571428571,0.782608695652174,2
"FlowOCT","breast-cancer_enc.csv",207,2,0.1,600,2,-38.100000000000676,0.7971014492753623,0.0,5919.0,28.06829524040222,0,0,0,0,0.6571428571428571,0.782608695652174,2
"binOCT","breast-cancer_enc.csv",207,2,0.1,600,2,42.0,0.7971014492753623,0.08012820512822336,44127.0,103.74134874343872,0,0,0,0,0.6571428571428571,0.782608695652174,2
"OCT","breast-cancer_enc.csv",207,2,0.1,600,2,707.1,0.7971014492753623,0.09899589874134429,3008.0,69.10922431945801,0,0,0,0,0.6571428571428571,0.782608695652174,2
"Cart","breast-cancer_enc.csv",207,2,0.1,600,"NA","NA",0.7101449275362319,"NA","NA",0.001994609832763672,"NA","NA","NA","NA",0.7,0.7246376811594203,3
"BendersOCT","breast-cancer_enc.csv",207,2,0.1,600,2,-38.10000000000073,0.7971014492753623,0.0,5310.0,13.245714664459229,1.3931512832641602,1.2764694690704346,51,39,0.7142857142857143,0.8260869565217391,3
"FlowOCT","breast-cancer_enc.csv",207,2,0.1,600,2,-38.100000000000705,0.7971014492753623,0.0,6634.0,29.57573890686035,0,0,0,0,0.7142857142857143,0.8260869565217391,3
"binOCT","breast-cancer_enc.csv",207,2,0.1,600,2,42.0,0.7971014492753623,0.07309481891345135,40103.0,94.83067154884338,0,0,0,0,0.7142857142857143,0.8260869565217391,3
"OCT","breast-cancer_enc.csv",207,2,0.1,600,2,707.1,0.7971014492753623,0.09899589874134429,3384.0,82.99169707298279,0,0,0,0,0.7142857142857143,0.8260869565217391,3
"Cart","breast-cancer_enc.csv",207,2,0.1,600,"NA","NA",0.7198067632850241,"NA","NA",0.001995563507080078,"NA","NA","NA","NA",0.6714285714285714,0.6956521739130435,4
"BendersOCT","breast-cancer_enc.csv",207,2,0.1,600,2,-40.80000000000072,0.782608695652174,0.0,7431.0,13.991454124450684,1.1481897830963135,1.093782663345337,39,31,0.7285714285714285,0.7536231884057971,4
"FlowOCT","breast-cancer_enc.csv",207,2,0.1,600,2,-40.80000000000072,0.782608695652174,0.0,8710.0,32.75178360939026,0,0,0,0,0.7285714285714285,0.7536231884057971,4
"binOCT","breast-cancer_enc.csv",207,2,0.1,600,2,45.0,0.782608695652174,0.0,54274.0,109.14041042327881,0,0,0,0,0.7285714285714285,0.7536231884057971,4
"OCT","breast-cancer_enc.csv",207,2,0.1,600,2,704.4000000000001,0.782608695652174,0.09937535491197212,4700.0,84.45926976203918,0,0,0,0,0.7285714285714285,0.7536231884057971,4
"Cart","breast-cancer_enc.csv",207,3,0.1,600,"NA","NA",0.7053140096618358,"NA","NA",0.0029914379119873047,"NA","NA","NA","NA",0.7142857142857143,0.7391304347826086,1
"BendersOCT","breast-cancer_enc.csv",207,3,0.1,600,9,-35.70000000000073,0.8115942028985508,76.87324929971989,201664.0,600.0230188369751,3.309455156326294,3.1108551025390625,111,92,0.7285714285714285,0.8115942028985508,1
"FlowOCT","breast-cancer_enc.csv",207,3,0.1,600,9,-34.00000000000071,0.821256038647343,98.97058823529107,12614.0,600.8242924213409,0,0,0,0,0.7142857142857143,0.8115942028985508,1
"binOCT","breast-cancer_enc.csv",207,3,0.1,600,9,37.99999999999963,0.8164251207729468,100.0,195263.0,601.970983505249,0,0,0,0,0.7428571428571429,0.8115942028985508,1
"OCT","breast-cancer_enc.csv",207,3,0.1,600,9,1454.6,0.8115942028985508,2.4267839956001622,3530.0,601.1410381793976,0,0,0,0,0.7428571428571429,0.8405797101449275,1
"Cart","breast-cancer_enc.csv",207,3,0.1,600,"NA","NA",0.6908212560386473,"NA","NA",0.0019960403442382812,"NA","NA","NA","NA",0.7571428571428571,0.6956521739130435,2
"BendersOCT","breast-cancer_enc.csv",207,3,0.1,600,9,-34.80000000000069,0.8164251207729468,92.22764723832769,111104.0,600.0119972229004,2.673360824584961,2.5736029148101807,68,58,0.7285714285714285,0.782608695652174,2
"FlowOCT","breast-cancer_enc.csv",207,3,0.1,600,9,-33.100000000000705,0.8260869565217391,96.3977937421441,20881.0,600.9160778522491,0,0,0,0,0.6857142857142857,0.8115942028985508,2
"binOCT","breast-cancer_enc.csv",207,3,0.1,600,9,34.0,0.8357487922705314,100.0,136710.0,601.9794266223907,0,0,0,0,0.6428571428571429,0.8260869565217391,2
"OCT","breast-cancer_enc.csv",207,3,0.1,600,9,1457.3,0.8260869565217391,2.2438756604679764,2326.0,601.213187456131,0,0,0,0,0.6285714285714286,0.8260869565217391,2
"Cart","breast-cancer_enc.csv",207,3,0.1,600,"NA","NA",0.7101449275362319,"NA","NA",0.002991199493408203,"NA","NA","NA","NA",0.7,0.7246376811594203,3
"BendersOCT","breast-cancer_enc.csv",207,3,0.1,600,9,-33.100000000000705,0.8260869565217391,76.55355830538763,125862.0,600.0124745368958,2.6480093002319336,2.511422634124756,77,64,0.6857142857142857,0.8840579710144928,3
"FlowOCT","breast-cancer_enc.csv",207,3,0.1,600,9,-33.100000000000705,0.8260869565217391,93.99595097932918,18762.0,600.7953338623047,0,0,0,0,0.6857142857142857,0.8840579710144928,3
"binOCT","breast-cancer_enc.csv",207,3,0.1,600,9,38.99999999999957,0.8115942028985508,100.0,193823.0,601.8751311302185,0,0,0,0,0.7,0.8260869565217391,3
"OCT","breast-cancer_enc.csv",207,3,0.1,600,9,1458.1999999999998,0.8309178743961353,2.1739130434782643,4080.0,601.3237361907959,0,0,0,0,0.7142857142857143,0.9130434782608695,3
"Cart","breast-cancer_enc.csv",207,3,0.1,600,"NA","NA",0.7198067632850241,"NA","NA",0.0019941329956054688,"NA","NA","NA","NA",0.6714285714285714,0.6956521739130435,4
"BendersOCT","breast-cancer_enc.csv",207,3,0.1,600,9,-34.90000000000069,0.8164251207729468,80.25125487356338,192089.0,600.0149219036102,3.0513510704040527,2.885789632797241,105,87,0.7571428571428571,0.7971014492753623,4
"FlowOCT","breast-cancer_enc.csv",207,3,0.1,600,9,-35.80000000000069,0.8115942028985508,97.44170965189237,21377.0,600.8208742141724,0,0,0,0,0.7428571428571429,0.7536231884057971,4
"binOCT","breast-cancer_enc.csv",207,3,0.1,600,9,37.99999999999778,0.8164251207729468,100.0,217621.0,601.9501132965088,0,0,0,0,0.7428571428571429,0.7536231884057971,4
"OCT","breast-cancer_enc.csv",207,3,0.1,600,9,1452.8,0.8019323671497585,2.5605726872246573,2312.0,601.2328190803528,0,0,0,0,0.7714285714285715,0.7391304347826086,4
"Cart","breast-cancer_enc.csv",207,4,0.1,600,"NA","NA",0.7053140096618358,"NA","NA",0.001995563507080078,"NA","NA","NA","NA",0.7142857142857143,0.7391304347826086,1
"BendersOCT","breast-cancer_enc.csv",207,4,0.1,600,9,-30.100000000000733,0.8454106280193237,98.57846989941042,35516.0,600.0187406539917,6.3687424659729,6.154362201690674,140,123,0.7714285714285715,0.8405797101449275,1
"FlowOCT","breast-cancer_enc.csv",207,4,0.1,600,9,-27.50000000000071,0.8599033816425121,98.70281214318241,10347.0,601.8635594844818,0,0,0,0,0.7,0.8840579710144928,1
"binOCT","breast-cancer_enc.csv",207,4,0.1,600,9,32.99999914744309,0.8405797101449275,100.0,116636.0,604.3901791572571,0,0,0,0,0.7428571428571429,0.855072463768116,1
"OCT","breast-cancer_enc.csv",207,4,0.1,600,9,2939.2000000000007,0.782608695652174,1.4017419706042396,549.0,603.1534335613251,0,0,0,0,0.7142857142857143,0.782608695652174,1
"Cart","breast-cancer_enc.csv",207,4,0.1,600,"NA","NA",0.6908212560386473,"NA","NA",0.001996278762817383,"NA","NA","NA","NA",0.7571428571428571,0.6956521739130435,2
"BendersOCT","breast-cancer_enc.csv",207,4,0.1,600,9,-27.600000000000705,0.8599033816425121,98.18840579710118,34114.0,600.0209910869598,6.006493330001831,5.755229711532593,146,127,0.6571428571428571,0.855072463768116,2
"FlowOCT","breast-cancer_enc.csv",207,4,0.1,600,9,-27.600000000000733,0.8599033816425121,98.68409353605828,10347.0,601.8818295001984,0,0,0,0,0.5428571428571428,0.8985507246376812,2
"binOCT","breast-cancer_enc.csv",207,4,0.1,600,9,27.99999999999998,0.8647342995169082,100.0,53559.0,604.3805401325226,0,0,0,0,0.5428571428571428,0.855072463768116,2
"OCT","breast-cancer_enc.csv",207,4,0.1,600,9,2946.4000000000005,0.821256038647343,1.1539505837632362,678.0,603.0994827747345,0,0,0,0,0.5571428571428572,0.8260869565217391,2
"Cart","breast-cancer_enc.csv",207,4,0.1,600,"NA","NA",0.7101449275362319,"NA","NA",0.001995563507080078,"NA","NA","NA","NA",0.7,0.7246376811594203,3
"BendersOCT","breast-cancer_enc.csv",207,4,0.1,600,9,-25.800000000000722,0.8695652173913043,98.07450373795355,33784.0,600.0178151130676,6.683766841888428,6.3664538860321045,167,142,0.7142857142857143,0.9130434782608695,3
"FlowOCT","breast-cancer_enc.csv",207,4,0.1,600,9,-25.7000000000007,0.8695652173913043,98.7521979736456,10404.0,602.3463816642761,0,0,0,0,0.6285714285714286,0.8840579710144928,3
"binOCT","breast-cancer_enc.csv",207,4,0.1,600,9,26.999999999999954,0.8695652173913043,100.0,85588.0,604.7293636798859,0,0,0,0,0.6428571428571429,0.8840579710144928,3
"OCT","breast-cancer_enc.csv",207,4,0.1,600,9,2947.3000000000006,0.8260869565217391,1.123061785362871,531.0,603.4835405349731,0,0,0,0,0.6857142857142857,0.8260869565217391,3
"Cart","breast-cancer_enc.csv",207,4,0.1,600,"NA","NA",0.7198067632850241,"NA","NA",0.0019953250885009766,"NA","NA","NA","NA",0.6714285714285714,0.6956521739130435,4
"BendersOCT","breast-cancer_enc.csv",207,4,0.1,600,9,-34.100000000000705,0.821256038647343,98.80024344354399,14493.0,791.1089930534363,6.935017347335815,6.7506797313690186,171,155,0.7571428571428571,0.782608695652174,4
"FlowOCT","breast-cancer_enc.csv",207,4,0.1,600,9,-29.400000000000716,0.8502415458937198,98.81350977890855,10339.0,608.5205233097076,0,0,0,0,0.6857142857142857,0.8260869565217391,4
"binOCT","breast-cancer_enc.csv",207,4,0.1,600,9,30.0,0.855072463768116,100.0,35030.0,604.7807245254517,0,0,0,0,0.7571428571428571,0.855072463768116,4
"OCT","breast-cancer_enc.csv",207,4,0.1,600,9,2940.9000000000005,0.7922705314009661,1.3431262538678634,547.0,603.1593308448792,0,0,0,0,0.7714285714285715,0.782608695652174,4
"Cart","breast-cancer_enc.csv",207,5,0.1,600,"NA","NA",0.7053140096618358,"NA","NA",0.002992868423461914,"NA","NA","NA","NA",0.7142857142857143,0.7391304347826086,1
"BendersOCT","breast-cancer_enc.csv",207,5,0.1,600,9,-27.10000000000076,0.8647342995169082,98.48109589714515,22733.0,600.0254299640656,18.785545825958252,18.40151023864746,239,221,0.7285714285714285,0.9130434782608695,1
"FlowOCT","breast-cancer_enc.csv",207,5,0.1,600,9,-21.300000000000693,0.8985507246376812,98.48148379495073,8637.0,606.823816537857,0,0,0,0,0.6857142857142857,0.927536231884058,1
"binOCT","breast-cancer_enc.csv",207,5,0.1,600,9,27.999999999999865,0.8647342995169082,100.0,41362.0,611.6017687320709,0,0,0,0,0.7142857142857143,0.927536231884058,1
"OCT","breast-cancer_enc.csv",207,5,0.1,600,9,5916.900000000003,0.7632850241545893,0.7487028680558949,1.0,614.5934498310089,0,0,0,0,0.7714285714285715,0.8115942028985508,1
"Cart","breast-cancer_enc.csv",207,5,0.1,600,"NA","NA",0.6908212560386473,"NA","NA",0.007519245147705078,"NA","NA","NA","NA",0.7571428571428571,0.6956521739130435,2
"BendersOCT","breast-cancer_enc.csv",207,5,0.1,600,9,-31.50000000000071,0.8405797101449275,98.57555139013682,27166.0,600.0241777896881,15.636886835098267,15.30587100982666,258,238,0.6714285714285714,0.8840579710144928,2
"FlowOCT","breast-cancer_enc.csv",207,5,0.1,600,9,-25.799952858496397,0.8743961352657005,98.79487240532349,10202.0,603.8040254116058,0,0,0,0,0.6571428571428571,0.7971014492753623,2
"binOCT","breast-cancer_enc.csv",207,5,0.1,600,9,23.99999999999975,0.8840579710144928,100.0,41772.0,611.411173582077,0,0,0,0,0.6142857142857143,0.8695652173913043,2
"OCT","breast-cancer_enc.csv",207,5,0.1,600,9,5913.000000000003,0.7439613526570048,0.8151530525959716,1.0,612.3677604198456,0,0,0,0,0.6857142857142857,0.7246376811594203,2
"Cart","breast-cancer_enc.csv",207,5,0.1,600,"NA","NA",0.7101449275362319,"NA","NA",0.004947662353515625,"NA","NA","NA","NA",0.7,0.7246376811594203,3
"BendersOCT","breast-cancer_enc.csv",207,5,0.1,600,9,-23.400000000000773,0.8840579710144928,98.19678248638643,27271.0,600.0384418964386,15.044950008392334,14.572253704071045,264,236,0.6857142857142857,0.9420289855072463,3
"FlowOCT","breast-cancer_enc.csv",207,5,0.1,600,9,-19.200000000000728,0.9082125603864735,98.38541666666273,9994.0,603.8259193897247,0,0,0,0,0.6857142857142857,0.9565217391304348,3
"binOCT","breast-cancer_enc.csv",207,5,0.1,600,9,22.999999999999847,0.8888888888888888,100.0,70274.0,612.0521063804626,0,0,0,0,0.6714285714285714,0.8985507246376812,3
"OCT","breast-cancer_enc.csv",207,5,0.1,600,9,5916.300000000003,0.7632850241545893,0.7589202711153865,16.0,608.7493073940277,0,0,0,0,0.7142857142857143,0.7971014492753623,3
"Cart","breast-cancer_enc.csv",207,5,0.1,600,"NA","NA",0.7198067632850241,"NA","NA",0.003989696502685547,"NA","NA","NA","NA",0.6714285714285714,0.6956521739130435,4
"BendersOCT","breast-cancer_enc.csv",207,5,0.1,600,9,-30.100000000000705,0.8454106280193237,98.52214005148589,33021.0,600.0392572879791,13.310459613800049,13.119976282119751,231,215,0.7571428571428571,0.8115942028985508,4
"FlowOCT","breast-cancer_enc.csv",207,5,0.1,600,9,-23.900000000000716,0.8840579710144928,98.32635983263197,10212.0,604.0808734893799,0,0,0,0,0.7285714285714285,0.8695652173913043,4
"binOCT","breast-cancer_enc.csv",207,5,0.1,600,9,31.0,0.8502415458937198,100.0,84381.0,612.1033470630646,0,0,0,0,0.6857142857142857,0.8260869565217391,4
"OCT","breast-cancer_enc.csv",207,5,0.1,600,9,-inf,"NA",inf,1.0,19.062239408493042,0,0,0,0,"NA","NA",4
"Cart","kr-vs-kp_enc.csv",2397,2,0.1,600,"NA","NA",0.7793074676679183,"NA","NA",0.003988027572631836,"NA","NA","NA","NA",0.772215269086358,0.7866161616161617,1
"BendersOCT","kr-vs-kp_enc.csv",2397,2,0.1,600,2,-291.9000000000881,0.8648310387984981,0.0,2754.0,581.8490719795227,10.899810314178467,10.000966787338257,39,28,0.8823529411764706,0.8611111111111112,1
"FlowOCT","kr-vs-kp_enc.csv",2397,2,0.1,600,9,-339.6000000000886,0.8427200667501042,99.94110718488696,743.0,604.6338946819305,0,0,0,0,0.853566958698373,0.8383838383838383,1
"binOCT","kr-vs-kp_enc.csv",2397,2,0.1,600,9,323.9999999999828,0.8648310387984981,99.85974451535856,8229.0,610.3521573543549,0,0,0,0,0.8823529411764706,0.8611111111111112,1
"OCT","kr-vs-kp_enc.csv",2397,2,0.1,600,9,7960.200000000001,0.69002920317063,8.401798949775122,205.0,604.4109501838684,0,0,0,0,0.6783479349186483,0.6982323232323232,1
"Cart","kr-vs-kp_enc.csv",2397,2,0.1,600,"NA","NA",0.785148101793909,"NA","NA",0.003988027572631836,"NA","NA","NA","NA",0.7546933667083855,0.7891414141414141,2
"BendersOCT","kr-vs-kp_enc.csv",2397,2,0.1,600,2,-275.70000000008804,0.8723404255319149,0.036271309389853575,2556.0,488.3497226238251,10.496457576751709,9.72782278060913,33,24,0.8598247809762203,0.8636363636363636,2
"FlowOCT","kr-vs-kp_enc.csv",2397,2,0.1,600,9,-275.70000000008827,0.8723404255319149,99.8911860718193,718.0,604.551337480545,0,0,0,0,0.8598247809762203,0.8636363636363636,2
"binOCT","kr-vs-kp_enc.csv",2397,2,0.1,600,2,305.99999999961943,0.8723404255319149,0.0,11574.0,568.5048580169678,0,0,0,0,0.8598247809762203,0.8636363636363636,2
"OCT","kr-vs-kp_enc.csv",2397,2,0.1,600,9,8104.200000000001,0.756779307467668,6.47565459884997,145.0,605.032913684845,0,0,0,0,0.7484355444305382,0.7424242424242424,2
"Cart","kr-vs-kp_enc.csv",2397,2,0.1,600,"NA","NA",0.7551105548602419,"NA","NA",0.004988431930541992,"NA","NA","NA","NA",0.753441802252816,0.7537878787878788,3
"BendersOCT","kr-vs-kp_enc.csv",2397,2,0.1,600,2,-288.3000000000882,0.866499791405924,0.0,2566.0,496.3761034011841,10.07114553451538,9.24227499961853,36,25,0.8773466833541927,0.8787878787878788,3
"FlowOCT","kr-vs-kp_enc.csv",2397,2,0.1,600,9,-528.5000000000896,0.7551105548602419,99.96215704824016,538.0,604.5153148174286,0,0,0,0,0.753441802252816,0.7537878787878788,3
"binOCT","kr-vs-kp_enc.csv",2397,2,0.1,600,9,319.99999999997624,0.866499791405924,100.0,7589.0,611.5610435009003,0,0,0,0,0.8773466833541927,0.8787878787878788,3
"OCT","kr-vs-kp_enc.csv",2397,2,0.1,600,9,8100.6,0.7551105548602419,6.522973606893312,177.0,605.1964049339294,0,0,0,0,0.753441802252816,0.7537878787878788,3
"Cart","kr-vs-kp_enc.csv",2397,2,0.1,600,"NA","NA",0.7776387150604923,"NA","NA",0.009969234466552734,"NA","NA","NA","NA",0.7772215269086358,0.7916666666666666,4
"BendersOCT","kr-vs-kp_enc.csv",2397,2,0.1,600,9,-336.0000000000882,0.8443888193575303,54.29129464286607,2143.0,600.0541110038757,11.716511964797974,11.081310272216797,36,27,0.8485607008760951,0.8333333333333334,4
"FlowOCT","kr-vs-kp_enc.csv",2397,2,0.1,600,9,-285.60000000008813,0.8677513558614935,99.89495798314994,963.0,605.6276638507843,0,0,0,0,0.8735919899874843,0.8686868686868687,4
"binOCT","kr-vs-kp_enc.csv",2397,2,0.1,600,9,316.9999999999465,0.8677513558614935,99.90525693793109,9073.0,611.0602903366089,0,0,0,0,0.8735919899874843,0.8686868686868687,4
"OCT","kr-vs-kp_enc.csv",2397,2,0.1,600,9,8149.200000000001,0.7776387150604923,5.887694497619389,302.0,605.0787491798401,0,0,0,0,0.7772215269086358,0.7916666666666666,4
"Cart","kr-vs-kp_enc.csv",2397,3,0.1,600,"NA","NA",0.9027951606174385,"NA","NA",0.003983974456787109,"NA","NA","NA","NA",0.9086357947434293,0.8939393939393939,1
"BendersOCT","kr-vs-kp_enc.csv",2397,3,0.1,600,9,-445.3000000000893,0.7939090529828953,99.9312879311099,1945.0,600.0821297168732,30.077142477035522,29.177778482437134,59,50,0.7834793491864831,0.7878787878787878,1
"FlowOCT","kr-vs-kp_enc.csv",2397,3,0.1,600,9,-659.0000000000905,0.6946182728410513,99.9753929848243,15.0,610.0374252796173,0,0,0,0,0.7008760951188986,0.7007575757575758,1
"binOCT","kr-vs-kp_enc.csv",2397,3,0.1,600,9,359.0,0.8502294534835211,100.0,1149.0,622.5932095050812,0,0,0,0,0.8573216520650814,0.8497474747474747,1
"OCT","kr-vs-kp_enc.csv",2397,3,0.1,600,9,-inf,"NA",inf,1.0,614.2147624492645,0,0,0,0,"NA","NA",1
"Cart","kr-vs-kp_enc.csv",2397,3,0.1,600,"NA","NA",0.9107217355027117,"NA","NA",0.00997781753540039,"NA","NA","NA","NA",0.8848560700876095,0.9040404040404041,2
"BendersOCT","kr-vs-kp_enc.csv",2397,3,0.1,600,9,-375.1000000000886,0.8264497288277013,99.91635880424123,2193.0,600.0668249130249,27.563252687454224,26.089153051376343,70,55,0.8010012515644556,0.8194444444444444,2
"FlowOCT","kr-vs-kp_enc.csv",2397,3,0.1,600,9,-945.3000000000923,0.5619524405506884,99.98641929773629,1.0,610.2709512710571,0,0,0,0,0.5356695869837297,0.5517676767676768,2
"binOCT","kr-vs-kp_enc.csv",2397,3,0.1,600,9,214.0,0.9107217355027117,100.0,1464.0,623.7288675308228,0,0,0,0,0.8848560700876095,0.9040404040404041,2
"OCT","kr-vs-kp_enc.csv",2397,3,0.1,600,9,-inf,"NA",inf,1.0,613.7823147773743,0,0,0,0,"NA","NA",2
"Cart","kr-vs-kp_enc.csv",2397,3,0.1,600,"NA","NA",0.9023779724655819,"NA","NA",0.003988742828369141,"NA","NA","NA","NA",0.9098873591989988,0.9090909090909091,3
"BendersOCT","kr-vs-kp_enc.csv",2397,3,0.1,600,9,-457.50000000008913,0.7880684188569045,99.93635779083617,1465.0,600.0348584651947,26.92061686515808,25.98455262184143,65,55,0.7797246558197747,0.7866161616161617,3
"FlowOCT","kr-vs-kp_enc.csv",2397,3,0.1,600,9,-844.4000000000915,0.6086775135586149,99.98048330175338,1.0,610.1464586257935,0,0,0,0,0.5819774718397998,0.5946969696969697,3
"binOCT","kr-vs-kp_enc.csv",2397,3,0.1,600,9,233.99999969082512,0.9023779724655819,100.0,1511.0,622.3552191257477,0,0,0,0,0.9098873591989988,0.9090909090909091,3
"OCT","kr-vs-kp_enc.csv",2397,3,0.1,600,9,16313.899999999998,0.5623696287025448,5.787702511355352,1.0,614.2875545024872,0,0,0,0,0.5607008760951189,0.5820707070707071,3
"Cart","kr-vs-kp_enc.csv",2397,3,0.1,600,"NA","NA",0.9023779724655819,"NA","NA",0.0069789886474609375,"NA","NA","NA","NA",0.9098873591989988,0.9002525252525253,4
"BendersOCT","kr-vs-kp_enc.csv",2397,3,0.1,600,9,-455.2000000000892,0.7893199833124739,99.93276996300455,1898.0,600.038093328476,24.691097497940063,24.072776317596436,41,35,0.7959949937421777,0.7891414141414141,4
"FlowOCT","kr-vs-kp_enc.csv",2397,3,0.1,600,9,-684.1000000000906,0.6829370045890697,99.97555038933723,1.0,610.1385214328766,0,0,0,0,0.6808510638297872,0.696969696969697,4
"binOCT","kr-vs-kp_enc.csv",2397,3,0.1,600,9,518.9999999997881,0.7834793491864831,100.0,679.0,622.5791847705841,0,0,0,0,0.7909887359198998,0.7803030303030303,4
"OCT","kr-vs-kp_enc.csv",2397,3,0.1,600,9,-inf,"NA",inf,1.0,614.4337038993835,0,0,0,0,"NA","NA",4
"Cart","kr-vs-kp_enc.csv",2397,4,0.1,600,"NA","NA",0.9027951606174385,"NA","NA",0.007940530776977539,"NA","NA","NA","NA",0.9086357947434293,0.8939393939393939,1
"BendersOCT","kr-vs-kp_enc.csv",2397,4,0.1,600,9,-415.9000000000892,0.8076762619941593,99.92586893216902,2403.0,600.0435247421265,53.29105806350708,52.3152277469635,77,70,0.7872340425531915,0.8118686868686869,1
"FlowOCT","kr-vs-kp_enc.csv",2397,4,0.1,600,9,-262.70000000008804,0.8785982478097623,99.92386791016592,24.0,620.5892057418823,0,0,0,0,0.8823529411764706,0.8838383838383839,1
"binOCT","kr-vs-kp_enc.csv",2397,4,0.1,600,9,238.99999999998943,0.9002920317062996,100.0,529.0,652.3111679553986,0,0,0,0,0.9111389236545682,0.9065656565656566,1
"OCT","kr-vs-kp_enc.csv",2397,4,0.1,600,9,-inf,"NA",inf,1.0,638.7408237457275,0,0,0,0,"NA","NA",1
"Cart","kr-vs-kp_enc.csv",2397,4,0.1,600,"NA","NA",0.9107217355027117,"NA","NA",0.00498199462890625,"NA","NA","NA","NA",0.8848560700876095,0.9040404040404041,2
"BendersOCT","kr-vs-kp_enc.csv",2397,4,0.1,600,9,-291.80000000008795,0.8652482269503546,99.89295971071967,2147.0,600.0449719429016,44.151387214660645,43.48618030548096,51,46,0.8498122653316645,0.8699494949494949,2
"FlowOCT","kr-vs-kp_enc.csv",2397,4,0.1,600,9,-471.10000000008927,0.7818105965790572,99.96518785819461,1.0,620.3864810466766,0,0,0,0,0.7509386733416771,0.7866161616161617,2
"binOCT","kr-vs-kp_enc.csv",2397,4,0.1,600,9,610.999999999763,0.7450980392156863,100.0,532.0,650.9983117580414,0,0,0,0,0.7584480600750939,0.7272727272727273,2
"OCT","kr-vs-kp_enc.csv",2397,4,0.1,600,9,-inf,"NA",inf,1.0,638.0926377773285,0,0,0,0,"NA","NA",2
"Cart","kr-vs-kp_enc.csv",2397,4,0.1,600,"NA","NA",0.9023779724655819,"NA","NA",0.005986690521240234,"NA","NA","NA","NA",0.9098873591989988,0.9090909090909091,3
"BendersOCT","kr-vs-kp_enc.csv",2397,4,0.1,600,9,-455.3000000000891,0.7893199833124739,99.93066428386886,1352.0,600.0462672710419,54.388932943344116,53.662962913513184,59,54,0.8147684605757196,0.7992424242424242,3
"FlowOCT","kr-vs-kp_enc.csv",2397,4,0.1,600,9,-458.60000000008927,0.7876512307050479,99.95638922808672,97.0,620.0391447544098,0,0,0,0,0.8022528160200251,0.7967171717171717,3
"binOCT","kr-vs-kp_enc.csv",2397,4,0.1,600,9,267.9999999999838,0.8881935753024615,100.0,523.0,651.7386832237244,0,0,0,0,0.8811013767209012,0.8926767676767676,3
"OCT","kr-vs-kp_enc.csv",2397,4,0.1,600,9,-inf,"NA",inf,1.0,637.5076382160187,0,0,0,0,"NA","NA",3
"Cart","kr-vs-kp_enc.csv",2397,4,0.1,600,"NA","NA",0.9023779724655819,"NA","NA",0.005019187927246094,"NA","NA","NA","NA",0.9098873591989988,0.9002525252525253,4
"BendersOCT","kr-vs-kp_enc.csv",2397,4,0.1,600,9,-667.1000000000906,0.690863579474343,99.95348341513873,1421.0,600.1061744689941,50.85968327522278,50.754985332489014,69,67,0.7121401752190237,0.6931818181818182,4
"FlowOCT","kr-vs-kp_enc.csv",2397,4,0.1,600,9,-586.30000000009,0.7284105131414268,99.97191904428583,1.0,620.2677552700043,0,0,0,0,0.7484355444305382,0.75,4
"binOCT","kr-vs-kp_enc.csv",2397,4,0.1,600,9,235.9999999999644,0.901543596161869,100.0,528.0,651.9997444152832,0,0,0,0,0.9073842302878599,0.9078282828282829,4
"OCT","kr-vs-kp_enc.csv",2397,4,0.1,600,9,-inf,"NA",inf,1.0,637.9407434463501,0,0,0,0,"NA","NA",4
"Cart","kr-vs-kp_enc.csv",2397,5,0.1,600,"NA","NA",0.9027951606174385,"NA","NA",0.005980491638183594,"NA","NA","NA","NA",0.9086357947434293,0.8939393939393939,1
"BendersOCT","kr-vs-kp_enc.csv",2397,5,0.1,600,9,-210.000000000088,0.9027951606174385,99.84498687153531,1287.0,600.0795378684998,64.49583435058594,63.82375884056091,70,64,0.9086357947434293,0.8939393939393939,1
"FlowOCT","kr-vs-kp_enc.csv",2397,5,0.1,600,9,-394.30000000008886,0.8181059657905716,99.95997029883586,1.0,640.3212594985962,0,0,0,0,0.8272841051314143,0.8181818181818182,1
"binOCT","kr-vs-kp_enc.csv",2397,5,0.1,600,9,519.0,0.7834793491864831,100.0,512.0,747.4003429412842,0,0,0,0,0.7784730913642053,0.7929292929292929,1
"OCT","kr-vs-kp_enc.csv",2397,5,0.1,600,9,-inf,"NA",inf,1.0,696.1773548126221,0,0,0,0,"NA","NA",1
"Cart","kr-vs-kp_enc.csv",2397,5,0.1,600,"NA","NA",0.9107217355027117,"NA","NA",0.03707289695739746,"NA","NA","NA","NA",0.8848560700876095,0.9040404040404041,2
"BendersOCT","kr-vs-kp_enc.csv",2397,5,0.1,600,9,-178.0000000000873,0.917813934084272,99.82176312988435,2165.0,600.4686753749847,82.4940071105957,80.52940225601196,109,96,0.8898623279098874,0.9090909090909091,2
"FlowOCT","kr-vs-kp_enc.csv",2397,5,0.1,600,9,-643.8000000000902,0.7017104714226116,99.97928963444073,1.0,640.3092722892761,0,0,0,0,0.6808510638297872,0.7083333333333334,2
"binOCT","kr-vs-kp_enc.csv",2397,5,0.1,600,9,196.0,0.9182311222361285,100.0,510.0,732.3839774131775,0,0,0,0,0.8923654568210263,0.9078282828282829,2
"OCT","kr-vs-kp_enc.csv",2397,5,0.1,600,9,-inf,"NA",inf,1.0,694.6923532485962,0,0,0,0,"NA","NA",2
"Cart","kr-vs-kp_enc.csv",2397,5,0.1,600,"NA","NA",0.9023779724655819,"NA","NA",0.01795816421508789,"NA","NA","NA","NA",0.9098873591989988,0.9090909090909091,3
"BendersOCT","kr-vs-kp_enc.csv",2397,5,0.1,600,9,-614.7000000000903,0.7154776804338757,99.93923386826634,1106.0,600.2299234867096,67.65245199203491,66.93635392189026,70,65,0.6958698372966208,0.7184343434343434,3
"FlowOCT","kr-vs-kp_enc.csv",2397,5,0.1,600,9,-629.7000000000905,0.7083854818523154,99.96823900269966,1.0,640.3166165351868,0,0,0,0,0.7246558197747184,0.7310606060606061,3
"binOCT","kr-vs-kp_enc.csv",2397,5,0.1,600,9,434.9999999999082,0.818523153942428,100.0,514.0,731.187117099762,0,0,0,0,0.8110137672090113,0.8169191919191919,3
"OCT","kr-vs-kp_enc.csv",2397,5,0.1,600,9,-inf,"NA",inf,1.0,695.2842645645142,0,0,0,0,"NA","NA",3
"Cart","kr-vs-kp_enc.csv",2397,5,0.1,600,"NA","NA",0.9023779724655819,"NA","NA",0.026955366134643555,"NA","NA","NA","NA",0.9098873591989988,0.9002525252525253,4
"BendersOCT","kr-vs-kp_enc.csv",2397,5,0.1,600,9,-640.0000000000903,0.703796412181894,99.95391392397045,641.0,600.0666408538818,59.91450786590576,59.26141095161438,60,55,0.7058823529411765,0.7285353535353535,4
"FlowOCT","kr-vs-kp_enc.csv",2397,5,0.1,600,9,-327.0000000000887,0.8489778890279516,99.94995829857247,1.0,642.0398805141449,0,0,0,0,0.8347934918648311,0.8358585858585859,4
"binOCT","kr-vs-kp_enc.csv",2397,5,0.1,600,9,210.99999999998929,0.9119732999582811,100.0,510.0,729.9867658615112,0,0,0,0,0.9148936170212766,0.9179292929292929,4
"OCT","kr-vs-kp_enc.csv",2397,5,0.1,600,9,-inf,"NA",inf,1.0,693.4135644435883,0,0,0,0,"NA","NA",4
"Cart","monk1_enc.csv",93,2,0.1,600,"NA","NA",0.7311827956989247,"NA","NA",0.0029926300048828125,"NA","NA","NA","NA",0.7419354838709677,0.7741935483870968,1
"BendersOCT","monk1_enc.csv",93,2,0.1,600,2,-15.600000000000037,0.8172043010752689,0.0,864.0,1.4868199825286865,0.3739795684814453,0.3410820960998535,37,28,0.7741935483870968,0.7419354838709677,1
"FlowOCT","monk1_enc.csv",93,2,0.1,600,2,-15.600000000000037,0.8172043010752689,0.0,494.0,2.4760420322418213,0,0,0,0,0.7741935483870968,0.7419354838709677,1
"binOCT","monk1_enc.csv",93,2,0.1,600,2,17.0,0.8172043010752689,0.0,1124.0,1.2184655666351318,0,0,0,0,0.7741935483870968,0.7419354838709677,1
"OCT","monk1_enc.csv",93,2,0.1,600,2,319.2,0.8172043010752689,0.0,1846.0,8.400109767913818,0,0,0,0,0.7741935483870968,0.7419354838709677,1
"Cart","monk1_enc.csv",93,2,0.1,600,"NA","NA",0.7634408602150538,"NA","NA",0.0039751529693603516,"NA","NA","NA","NA",0.6451612903225806,0.8064516129032258,2
"BendersOCT","monk1_enc.csv",93,2,0.1,600,2,-10.200000000000017,0.8817204301075269,0.0,344.0,0.8357572555541992,0.3710188865661621,0.3570401668548584,25,20,0.6451612903225806,0.8387096774193549,2
"FlowOCT","monk1_enc.csv",93,2,0.1,600,2,-10.200000000000031,0.8817204301075269,0.0,216.0,2.407844305038452,0,0,0,0,0.6451612903225806,0.8387096774193549,2
"binOCT","monk1_enc.csv",93,2,0.1,600,2,10.999999999999982,0.8817204301075269,0.0,431.0,0.861361026763916,0,0,0,0,0.6451612903225806,0.8387096774193549,2
"OCT","monk1_enc.csv",93,2,0.1,600,2,324.6,0.8817204301075269,0.0,2474.0,8.274630308151245,0,0,0,0,0.6451612903225806,0.8387096774193549,2
"Cart","monk1_enc.csv",93,2,0.1,600,"NA","NA",0.7096774193548387,"NA","NA",0.0029807090759277344,"NA","NA","NA","NA",0.8064516129032258,0.7419354838709677,3
"BendersOCT","monk1_enc.csv",93,2,0.1,600,2,-14.700000000000031,0.8279569892473119,0.0,655.0,1.0300207138061523,0.31810903549194336,0.30710434913635254,30,25,0.8064516129032258,0.8709677419354839,3
"FlowOCT","monk1_enc.csv",93,2,0.1,600,2,-14.700000000000031,0.8279569892473119,0.0,499.0,3.0704362392425537,0,0,0,0,0.8064516129032258,0.8709677419354839,3
"binOCT","monk1_enc.csv",93,2,0.1,600,2,15.999999999999995,0.8279569892473119,0.0,1198.0,1.3408513069152832,0,0,0,0,0.8064516129032258,0.8709677419354839,3
"OCT","monk1_enc.csv",93,2,0.1,600,2,320.1,0.8279569892473119,0.0,2493.0,9.521878242492676,0,0,0,0,0.8064516129032258,0.8709677419354839,3
"Cart","monk1_enc.csv",93,2,0.1,600,"NA","NA",0.7741935483870968,"NA","NA",0.001979351043701172,"NA","NA","NA","NA",0.6129032258064516,0.8064516129032258,4
"BendersOCT","monk1_enc.csv",93,2,0.1,600,2,-14.700000000000031,0.8279569892473119,0.0,855.0,1.165632963180542,0.2953155040740967,0.2763674259185791,37,32,0.5806451612903226,0.8387096774193549,4
"FlowOCT","monk1_enc.csv",93,2,0.1,600,2,-14.700000000000031,0.8279569892473119,0.0,341.0,2.3084399700164795,0,0,0,0,0.5806451612903226,0.8387096774193549,4
"binOCT","monk1_enc.csv",93,2,0.1,600,2,16.0,0.8279569892473119,0.0,963.0,1.2982194423675537,0,0,0,0,0.5806451612903226,0.8387096774193549,4
"OCT","monk1_enc.csv",93,2,0.1,600,2,320.1,0.8279569892473119,0.062480474851605315,2359.0,8.776507139205933,0,0,0,0,0.5806451612903226,0.8387096774193549,4
"Cart","monk1_enc.csv",93,3,0.1,600,"NA","NA",0.7311827956989247,"NA","NA",0.003988504409790039,"NA","NA","NA","NA",0.7419354838709677,0.7741935483870968,1
"BendersOCT","monk1_enc.csv",93,3,0.1,600,2,-6.90000000000002,0.9247311827956989,0.0,7491.0,14.106568336486816,0.6610305309295654,0.6361093521118164,54,46,0.9032258064516129,0.967741935483871,1
"FlowOCT","monk1_enc.csv",93,3,0.1,600,2,-6.900000000000034,0.9247311827956989,0.0,5432.0,21.5903902053833,0,0,0,0,0.9032258064516129,0.967741935483871,1
"binOCT","monk1_enc.csv",93,3,0.1,600,2,7.0,0.9247311827956989,0.0,48799.0,52.32990646362305,0,0,0,0,0.9032258064516129,0.967741935483871,1
"OCT","monk1_enc.csv",93,3,0.1,600,9,660.8000000000001,0.9032258064516129,1.0895883777239606,10202.0,600.2921352386475,0,0,0,0,0.8387096774193549,0.9032258064516129,1
"Cart","monk1_enc.csv",93,3,0.1,600,"NA","NA",0.7634408602150538,"NA","NA",0.0029931068420410156,"NA","NA","NA","NA",0.6451612903225806,0.8064516129032258,2
"BendersOCT","monk1_enc.csv",93,3,0.1,600,2,-4.000000000000028,0.956989247311828,0.0,2465.0,7.894318342208862,0.7609944343566895,0.7001819610595703,66,53,0.7741935483870968,0.9032258064516129,2
"FlowOCT","monk1_enc.csv",93,3,0.1,600,2,-4.000000000000028,0.956989247311828,0.0,4104.0,26.231874227523804,0,0,0,0,0.7741935483870968,0.9032258064516129,2
"binOCT","monk1_enc.csv",93,3,0.1,600,2,4.0,0.956989247311828,0.0,42649.0,66.59162139892578,0,0,0,0,0.7741935483870968,0.9032258064516129,2
"OCT","monk1_enc.csv",93,3,0.1,600,2,665.4,0.956989247311828,0.09017132551848854,3955.0,122.61630821228027,0,0,0,0,0.7741935483870968,0.9032258064516129,2
"Cart","monk1_enc.csv",93,3,0.1,600,"NA","NA",0.7096774193548387,"NA","NA",0.001992940902709961,"NA","NA","NA","NA",0.8064516129032258,0.7419354838709677,3
"BendersOCT","monk1_enc.csv",93,3,0.1,600,2,-6.90000000000002,0.9247311827956989,0.0,4854.0,10.10746431350708,0.6113259792327881,0.5873918533325195,48,42,0.9032258064516129,0.9354838709677419,3
"FlowOCT","monk1_enc.csv",93,3,0.1,600,2,-6.90000000000002,0.9247311827956989,0.0,5559.0,27.716644763946533,0,0,0,0,0.9032258064516129,0.9354838709677419,3
"binOCT","monk1_enc.csv",93,3,0.1,600,2,7.0,0.9247311827956989,0.0,20626.0,39.54456639289856,0,0,0,0,0.9032258064516129,0.9354838709677419,3
"OCT","monk1_enc.csv",93,3,0.1,600,9,661.7,0.9139784946236559,0.8311923832552516,11838.0,600.2814943790436,0,0,0,0,0.9032258064516129,0.9354838709677419,3
"Cart","monk1_enc.csv",93,3,0.1,600,"NA","NA",0.7741935483870968,"NA","NA",0.001995086669921875,"NA","NA","NA","NA",0.6129032258064516,0.8064516129032258,4
"BendersOCT","monk1_enc.csv",93,3,0.1,600,2,-6.900000000000034,0.9247311827956989,0.0,6107.0,12.638524055480957,0.8136837482452393,0.7748308181762695,78,68,0.8064516129032258,0.9032258064516129,4
"FlowOCT","monk1_enc.csv",93,3,0.1,600,2,-6.90000000000002,0.9247311827956989,0.0,7391.0,27.568663358688354,0,0,0,0,0.9032258064516129,0.9354838709677419,4
"binOCT","monk1_enc.csv",93,3,0.1,600,2,6.999999999999912,0.9247311827956989,0.0,24570.0,32.880125522613525,0,0,0,0,0.7741935483870968,0.967741935483871,4
"OCT","monk1_enc.csv",93,3,0.1,600,9,662.6,0.9247311827956989,0.9658919408391151,16684.0,600.2861609458923,0,0,0,0,0.7741935483870968,0.967741935483871,4
"Cart","monk1_enc.csv",93,4,0.1,600,"NA","NA",0.7311827956989247,"NA","NA",0.000997781753540039,"NA","NA","NA","NA",0.7419354838709677,0.7741935483870968,1
"BendersOCT","monk1_enc.csv",93,4,0.1,600,2,-0.6000000000000227,1.0,0.0,3606.0,12.881957769393921,1.2307546138763428,1.1679413318634033,89,75,1.0,1.0,1
"FlowOCT","monk1_enc.csv",93,4,0.1,600,2,-0.6000000000000227,1.0,0.0,3019.0,31.823920249938965,0,0,0,0,1.0,1.0,1
"binOCT","monk1_enc.csv",93,4,0.1,600,2,0.0,1.0,0.0,3266.0,8.884187698364258,0,0,0,0,1.0,1.0,1
"OCT","monk1_enc.csv",93,4,0.1,600,2,1338.0000000000002,1.0,0.05231689088191669,2228.0,426.1145260334015,0,0,0,0,1.0,1.0,1
"Cart","monk1_enc.csv",93,4,0.1,600,"NA","NA",0.7634408602150538,"NA","NA",0.001990079879760742,"NA","NA","NA","NA",0.6451612903225806,0.8064516129032258,2
"BendersOCT","monk1_enc.csv",93,4,0.1,600,2,-0.6000000000000227,1.0,0.0,3038.0,9.808290719985962,0.8383595943450928,0.783477783203125,58,49,1.0,1.0,2
"FlowOCT","monk1_enc.csv",93,4,0.1,600,2,-0.6000000000000512,1.0,0.0,2243.0,17.165281295776367,0,0,0,0,1.0,1.0,2
"binOCT","monk1_enc.csv",93,4,0.1,600,2,0.0,1.0,0.0,1916.0,7.394842147827148,0,0,0,0,1.0,1.0,2
"OCT","monk1_enc.csv",93,4,0.1,600,2,1338.2000000000003,1.0,0.04483634733224752,446.0,52.92560911178589,0,0,0,0,1.0,1.0,2
"Cart","monk1_enc.csv",93,4,0.1,600,"NA","NA",0.7096774193548387,"NA","NA",0.001992464065551758,"NA","NA","NA","NA",0.8064516129032258,0.7419354838709677,3
"BendersOCT","monk1_enc.csv",93,4,0.1,600,2,-0.600000000000037,1.0,0.0,2335.0,9.32350468635559,0.8277430534362793,0.7778778076171875,55,46,1.0,1.0,3
"FlowOCT","monk1_enc.csv",93,4,0.1,600,2,-0.6000000000000227,1.0,0.0,3054.0,27.66191029548645,0,0,0,0,1.0,1.0,3
"binOCT","monk1_enc.csv",93,4,0.1,600,2,0.0,1.0,0.0,1511.0,7.301902532577515,0,0,0,0,1.0,1.0,3
"OCT","monk1_enc.csv",93,4,0.1,600,2,1337.8000000000002,1.0,0.06727462998954185,1021.0,151.22563815116882,0,0,0,0,1.0,1.0,3
"Cart","monk1_enc.csv",93,4,0.1,600,"NA","NA",0.7741935483870968,"NA","NA",0.0030298233032226562,"NA","NA","NA","NA",0.6129032258064516,0.8064516129032258,4
"BendersOCT","monk1_enc.csv",93,4,0.1,600,2,-0.6000000000000227,1.0,0.0,2243.0,10.0807363986969,1.1786997318267822,1.130840539932251,76,66,1.0,1.0,4
"FlowOCT","monk1_enc.csv",93,4,0.1,600,2,-0.6000000000000227,1.0,0.0,2158.0,22.485769033432007,0,0,0,0,1.0,1.0,4
"binOCT","monk1_enc.csv",93,4,0.1,600,2,0.0,1.0,0.0,1453.0,6.712249279022217,0,0,0,0,1.0,1.0,4
"OCT","monk1_enc.csv",93,4,0.1,600,2,1337.8000000000002,1.0,0.06727462998954185,1642.0,223.81931924819946,0,0,0,0,1.0,1.0,4
"Cart","monk1_enc.csv",93,5,0.1,600,"NA","NA",0.7311827956989247,"NA","NA",0.0019617080688476562,"NA","NA","NA","NA",0.7419354838709677,0.7741935483870968,1
"BendersOCT","monk1_enc.csv",93,5,0.1,600,2,-0.6000000000000227,1.0,0.0,1318.0,9.188842535018921,1.1687304973602295,1.1019127368927002,57,47,1.0,1.0,1
"FlowOCT","monk1_enc.csv",93,5,0.1,600,2,-0.6000000000000227,1.0,0.0,2680.0,32.50883865356445,0,0,0,0,1.0,1.0,1
"binOCT","monk1_enc.csv",93,5,0.1,600,2,0.0,1.0,0.0,217.0,4.608859539031982,0,0,0,0,0.967741935483871,1.0,1
"OCT","monk1_enc.csv",93,5,0.1,600,9,-inf,"NA",inf,587.0,601.8623266220093,0,0,0,0,"NA","NA",1
"Cart","monk1_enc.csv",93,5,0.1,600,"NA","NA",0.7634408602150538,"NA","NA",0.0029900074005126953,"NA","NA","NA","NA",0.6451612903225806,0.8064516129032258,2
"BendersOCT","monk1_enc.csv",93,5,0.1,600,2,-0.6000000000000227,1.0,0.0,1501.0,12.96520733833313,1.2465534210205078,1.1917705535888672,85,73,1.0,1.0,2
"FlowOCT","monk1_enc.csv",93,5,0.1,600,2,-0.600000000000037,1.0,0.0,6748.0,86.65388655662537,0,0,0,0,1.0,1.0,2
"binOCT","monk1_enc.csv",93,5,0.1,600,2,0.0,1.0,0.0,53.0,4.006555557250977,0,0,0,0,1.0,1.0,2
"OCT","monk1_enc.csv",93,5,0.1,600,9,2670.6999999999994,0.9354838709677419,0.26959224173437,562.0,601.7315063476562,0,0,0,0,0.7419354838709677,0.9354838709677419,2
"Cart","monk1_enc.csv",93,5,0.1,600,"NA","NA",0.7096774193548387,"NA","NA",0.0019919872283935547,"NA","NA","NA","NA",0.8064516129032258,0.7419354838709677,3
"BendersOCT","monk1_enc.csv",93,5,0.1,600,2,-0.6000000000000227,1.0,0.0,1190.0,5.4365785121917725,1.0573093891143799,1.0264155864715576,49,42,1.0,1.0,3
"FlowOCT","monk1_enc.csv",93,5,0.1,600,2,-0.6000000000000227,1.0,0.0,2646.0,40.31916308403015,0,0,0,0,1.0,1.0,3
"binOCT","monk1_enc.csv",93,5,0.1,600,2,0.0,1.0,0.0,358.0,5.315492391586304,0,0,0,0,1.0,1.0,3
"OCT","monk1_enc.csv",93,5,0.1,600,2,2675.599999999999,0.989247311827957,0.08969950665271685,334.0,315.60103583335876,0,0,0,0,0.9032258064516129,1.0,3
"Cart","monk1_enc.csv",93,5,0.1,600,"NA","NA",0.7741935483870968,"NA","NA",0.0029935836791992188,"NA","NA","NA","NA",0.6129032258064516,0.8064516129032258,4
"BendersOCT","monk1_enc.csv",93,5,0.1,600,2,-0.6000000000000227,1.0,0.0,1090.0,7.292213201522827,0.7769136428833008,0.7539608478546143,38,33,1.0,1.0,4
"FlowOCT","monk1_enc.csv",93,5,0.1,600,2,-0.6000000000000227,1.0,0.0,3087.0,60.53092622756958,0,0,0,0,1.0,1.0,4
"binOCT","monk1_enc.csv",93,5,0.1,600,2,0.0,1.0,0.0,31.0,3.8513150215148926,0,0,0,0,1.0,1.0,4
"OCT","monk1_enc.csv",93,5,0.1,600,2,2675.399999999999,0.989247311827957,0.09344397099499142,487.0,327.4810109138489,0,0,0,0,0.9032258064516129,0.967741935483871,4
"Cart","balance-scale_enc.csv",468,2,0.1,600,"NA","NA",0.4722222222222222,"NA","NA",0.005987405776977539,"NA","NA","NA","NA",0.4267515923566879,0.4774193548387097,1
"BendersOCT","balance-scale_enc.csv",468,2,0.1,600,2,-133.49999999999721,0.6837606837606838,0.09155222638418761,1128.0,5.825540542602539,1.4840352535247803,1.3972926139831543,43,36,0.6751592356687898,0.6516129032258065,1
"FlowOCT","balance-scale_enc.csv",468,2,0.1,600,2,-133.49999999999716,0.6837606837606838,0.03745318352237561,857.0,12.548781871795654,0,0,0,0,0.6751592356687898,0.6516129032258065,1
"binOCT","balance-scale_enc.csv",468,2,0.1,600,2,148.0,0.6837606837606838,0.0,5122.0,32.532461643218994,0,0,0,0,0.6751592356687898,0.6516129032258065,1
"OCT","balance-scale_enc.csv",468,2,0.1,600,2,1551.3,0.6837606837606838,0.05801585766776839,1623.0,53.83111643791199,0,0,0,0,0.6751592356687898,0.6516129032258065,1
"Cart","balance-scale_enc.csv",468,2,0.1,600,"NA","NA",0.46794871794871795,"NA","NA",0.0029926300048828125,"NA","NA","NA","NA",0.4394904458598726,0.49032258064516127,2
"BendersOCT","balance-scale_enc.csv",468,2,0.1,600,2,-139.6999999999972,0.6688034188034188,0.047721307563255835,2112.0,13.045856714248657,1.5392930507659912,1.4366037845611572,52,45,0.7197452229299363,0.6387096774193548,2
"FlowOCT","balance-scale_enc.csv",468,2,0.1,600,2,-139.6999999999972,0.6688034188034188,0.0,876.0,12.086060047149658,0,0,0,0,0.7197452229299363,0.6387096774193548,2
"binOCT","balance-scale_enc.csv",468,2,0.1,600,2,154.99999999998656,0.6688034188034188,0.0,5258.0,24.612755298614502,0,0,0,0,0.7197452229299363,0.6387096774193548,2
"OCT","balance-scale_enc.csv",468,2,0.1,600,2,1545.0,0.6688034188034188,0.0,1691.0,49.17199754714966,0,0,0,0,0.7197452229299363,0.6387096774193548,2
"Cart","balance-scale_enc.csv",468,2,0.1,600,"NA","NA",0.47435897435897434,"NA","NA",0.000997781753540039,"NA","NA","NA","NA",0.42038216560509556,0.47096774193548385,3
"BendersOCT","balance-scale_enc.csv",468,2,0.1,600,2,-134.39999999999725,0.6816239316239316,0.07440476190530902,1120.0,5.2293479442596436,1.4911794662475586,1.3854100704193115,43,35,0.6815286624203821,0.6516129032258065,3
"FlowOCT","balance-scale_enc.csv",468,2,0.1,600,2,-134.39999999999714,0.6816239316239316,0.0,806.0,21.78512191772461,0,0,0,0,0.6815286624203821,0.6516129032258065,3
"binOCT","balance-scale_enc.csv",468,2,0.1,600,2,148.99999999999162,0.6816239316239316,0.0,3708.0,28.330224990844727,0,0,0,0,0.6815286624203821,0.6516129032258065,3
"OCT","balance-scale_enc.csv",468,2,0.1,600,2,1550.3999999999999,0.6816239316239316,0.09674922600619196,2665.0,77.90232491493225,0,0,0,0,0.6815286624203821,0.6516129032258065,3
"Cart","balance-scale_enc.csv",468,2,0.1,600,"NA","NA",0.4722222222222222,"NA","NA",0.003998756408691406,"NA","NA","NA","NA",0.4267515923566879,0.47096774193548385,4
"BendersOCT","balance-scale_enc.csv",468,2,0.1,600,2,-129.8999999999972,0.6923076923076923,0.025660764691311993,1227.0,5.0729820728302,1.4667539596557617,1.3361170291900635,46,38,0.6496815286624203,0.6451612903225806,4
"FlowOCT","balance-scale_enc.csv",468,2,0.1,600,2,-129.8999999999972,0.6923076923076923,0.0,836.0,12.05197262763977,0,0,0,0,0.6496815286624203,0.6451612903225806,4
"binOCT","balance-scale_enc.csv",468,2,0.1,600,2,143.99999999999466,0.6923076923076923,0.0,3989.0,31.349028825759888,0,0,0,0,0.6496815286624203,0.6451612903225806,4
"OCT","balance-scale_enc.csv",468,2,0.1,600,2,1554.9,0.6923076923076923,0.07074409929898444,1105.0,25.566787004470825,0,0,0,0,0.6496815286624203,0.6451612903225806,4
"Cart","balance-scale_enc.csv",468,3,0.1,600,"NA","NA",0.4722222222222222,"NA","NA",0.0019953250885009766,"NA","NA","NA","NA",0.4267515923566879,0.4774193548387097,1
"BendersOCT","balance-scale_enc.csv",468,3,0.1,600,9,-110.49999999999721,0.7393162393162394,11.845148315736347,88324.0,600.0165364742279,4.398367404937744,4.169013738632202,125,111,0.7133757961783439,0.6709677419354839,1
"FlowOCT","balance-scale_enc.csv",468,3,0.1,600,9,-111.29999999999728,0.7371794871794872,47.92602575621413,5054.0,601.5211458206177,0,0,0,0,0.6942675159235668,0.6580645161290323,1
"binOCT","balance-scale_enc.csv",468,3,0.1,600,9,126.99999999999991,0.7286324786324786,85.8267716535433,50472.0,602.7490010261536,0,0,0,0,0.7006369426751592,0.6451612903225806,1
"OCT","balance-scale_enc.csv",468,3,0.1,600,9,3248.2999999999993,0.7136752136752137,3.7188683311270574,685.0,602.0397505760193,0,0,0,0,0.7452229299363057,0.6967741935483871,1
"Cart","balance-scale_enc.csv",468,3,0.1,600,"NA","NA",0.46794871794871795,"NA","NA",0.0029909610748291016,"NA","NA","NA","NA",0.4394904458598726,0.49032258064516127,2
"BendersOCT","balance-scale_enc.csv",468,3,0.1,600,9,-116.79999999999717,0.7243589743589743,28.410388127854354,22726.0,600.0154232978821,3.686319589614868,3.439126491546631,113,99,0.7197452229299363,0.7354838709677419,2
"FlowOCT","balance-scale_enc.csv",468,3,0.1,600,9,-115.79999999999723,0.7264957264957265,51.372737158575745,4804.0,601.2475733757019,0,0,0,0,0.7515923566878981,0.7096774193548387,2
"binOCT","balance-scale_enc.csv",468,3,0.1,600,9,130.9999999999947,0.7200854700854701,77.58345131580778,58001.0,602.2497205734253,0,0,0,0,0.7452229299363057,0.7225806451612903,2
"OCT","balance-scale_enc.csv",468,3,0.1,600,9,3255.4999999999995,0.7307692307692307,3.489479342650896,627.0,601.6889932155609,0,0,0,0,0.7515923566878981,0.7612903225806451,2
"Cart","balance-scale_enc.csv",468,3,0.1,600,"NA","NA",0.47435897435897434,"NA","NA",0.03789353370666504,"NA","NA","NA","NA",0.42038216560509556,0.47096774193548385,3
"BendersOCT","balance-scale_enc.csv",468,3,0.1,600,9,-110.39999999999719,0.7393162393162394,18.780193236714823,26101.0,600.0241243839264,4.538617849349976,4.191268682479858,124,105,0.7133757961783439,0.7225806451612903,3
"FlowOCT","balance-scale_enc.csv",468,3,0.1,600,9,-111.29999999999723,0.7371794871794872,48.22864874732962,5689.0,601.5179986953735,0,0,0,0,0.7197452229299363,0.7161290322580646,3
"binOCT","balance-scale_enc.csv",468,3,0.1,600,9,124.99999999999633,0.7329059829059829,73.5999999999992,55400.0,602.4428300857544,0,0,0,0,0.6942675159235668,0.7483870967741936,3
"OCT","balance-scale_enc.csv",468,3,0.1,600,9,3237.4999999999995,0.688034188034188,4.064864864864862,584.0,601.9185891151428,0,0,0,0,0.6878980891719745,0.6516129032258065,3
"Cart","balance-scale_enc.csv",468,3,0.1,600,"NA","NA",0.4722222222222222,"NA","NA",0.002990245819091797,"NA","NA","NA","NA",0.4267515923566879,0.47096774193548385,4
"BendersOCT","balance-scale_enc.csv",468,3,0.1,600,9,-105.89999999999725,0.75,17.778518395082372,25889.0,600.0179445743561,4.500912189483643,4.209657192230225,133,118,0.6942675159235668,0.7032258064516129,4
"FlowOCT","balance-scale_enc.csv",468,3,0.1,600,9,-109.49999999999721,0.7414529914529915,48.1452489671705,4341.0,601.5859553813934,0,0,0,0,0.7070063694267515,0.7225806451612903,4
"binOCT","balance-scale_enc.csv",468,3,0.1,600,9,119.99981423554026,0.7435897435897436,65.73956195850279,40182.0,602.4334523677826,0,0,0,0,0.7006369426751592,0.7290322580645161,4
"OCT","balance-scale_enc.csv",468,3,0.1,600,9,3256.3999999999996,0.7329059829059829,3.4608770421324113,549.0,601.7242846488953,0,0,0,0,0.6751592356687898,0.7290322580645161,4
"Cart","balance-scale_enc.csv",468,4,0.1,600,"NA","NA",0.4722222222222222,"NA","NA",0.0019943714141845703,"NA","NA","NA","NA",0.4267515923566879,0.4774193548387097,1
"BendersOCT","balance-scale_enc.csv",468,4,0.1,600,9,-99.29999966509342,0.7670940170940171,92.7751402432209,13988.0,600.0154161453247,8.457777261734009,8.00588083267212,177,157,0.7133757961783439,0.7096774193548387,1
"FlowOCT","balance-scale_enc.csv",468,4,0.1,600,9,-99.29999999999723,0.7670940170940171,99.39577039275235,807.0,603.6658608913422,0,0,0,0,0.7261146496815286,0.7032258064516129,1
"binOCT","balance-scale_enc.csv",468,4,0.1,600,9,109.0,0.7670940170940171,100.0,30298.0,605.6862626075745,0,0,0,0,0.7643312101910829,0.7290322580645161,1
"OCT","balance-scale_enc.csv",468,4,0.1,600,9,-inf,"NA",inf,2.0,604.5823299884796,0,0,0,0,"NA","NA",1
"Cart","balance-scale_enc.csv",468,4,0.1,600,"NA","NA",0.46794871794871795,"NA","NA",0.0039882659912109375,"NA","NA","NA","NA",0.4394904458598726,0.49032258064516127,2
"BendersOCT","balance-scale_enc.csv",468,4,0.1,600,9,-104.3999999999973,0.7542735042735043,93.65412065209223,14173.0,600.0200953483582,8.768467426300049,8.404368162155151,190,174,0.7133757961783439,0.7612903225806451,2
"FlowOCT","balance-scale_enc.csv",468,4,0.1,600,9,-105.59999999999718,0.7521367521367521,99.59502410390485,876.0,602.6669385433197,0,0,0,0,0.7643312101910829,0.7354838709677419,2
"binOCT","balance-scale_enc.csv",468,4,0.1,600,9,109.99999999999783,0.7649572649572649,100.0,13462.0,605.8950035572052,0,0,0,0,0.7707006369426752,0.7741935483870968,2
"OCT","balance-scale_enc.csv",468,4,0.1,600,9,-inf,"NA",inf,10.0,604.0975666046143,0,0,0,0,"NA","NA",2
"Cart","balance-scale_enc.csv",468,4,0.1,600,"NA","NA",0.47435897435897434,"NA","NA",0.0020301342010498047,"NA","NA","NA","NA",0.42038216560509556,0.47096774193548385,3
"BendersOCT","balance-scale_enc.csv",468,4,0.1,600,9,-96.3999999999973,0.7735042735042735,92.50345781466122,16514.0,600.0143511295319,6.953108787536621,6.526458024978638,136,118,0.7579617834394905,0.7806451612903226,3
"FlowOCT","balance-scale_enc.csv",468,4,0.1,600,9,-94.89999999999725,0.7777777777777778,99.47312961010934,573.0,602.7483470439911,0,0,0,0,0.7006369426751592,0.8,3
"binOCT","balance-scale_enc.csv",468,4,0.1,600,9,104.99999999999723,0.7756410256410257,100.0,25914.0,605.336757183075,0,0,0,0,0.6751592356687898,0.7612903225806451,3
"OCT","balance-scale_enc.csv",468,4,0.1,600,9,-inf,"NA",inf,1.0,604.1347351074219,0,0,0,0,"NA","NA",3
"Cart","balance-scale_enc.csv",468,4,0.1,600,"NA","NA",0.4722222222222222,"NA","NA",0.001994609832763672,"NA","NA","NA","NA",0.4267515923566879,0.47096774193548385,4
"BendersOCT","balance-scale_enc.csv",468,4,0.1,600,9,-100.09999999999724,0.7649572649572649,93.09440559440556,18193.0,600.0181515216827,8.703002452850342,8.294161558151245,177,160,0.7707006369426752,0.7548387096774194,4
"FlowOCT","balance-scale_enc.csv",468,4,0.1,600,9,-93.09999999999724,0.782051282051282,99.45121738314593,631.0,602.758553981781,0,0,0,0,0.732484076433121,0.7290322580645161,4
"binOCT","balance-scale_enc.csv",468,4,0.1,600,9,104.99999999999994,0.7756410256410257,100.0,19052.0,605.2256622314453,0,0,0,0,0.7261146496815286,0.7354838709677419,4
"OCT","balance-scale_enc.csv",468,4,0.1,600,9,-inf,"NA",inf,1.0,604.3213987350464,0,0,0,0,"NA","NA",4
"Cart","balance-scale_enc.csv",468,5,0.1,600,"NA","NA",0.4722222222222222,"NA","NA",0.002032756805419922,"NA","NA","NA","NA",0.4267515923566879,0.4774193548387097,1
"BendersOCT","balance-scale_enc.csv",468,5,0.1,600,9,-96.69999946243979,0.7735042735042735,99.47436822372298,11176.0,600.0232818126678,15.557301759719849,14.927009344100952,257,233,0.7961783439490446,0.7483870967741936,1
"FlowOCT","balance-scale_enc.csv",468,5,0.1,600,9,-84.3999999999973,0.8055555555555556,99.5676487367491,537.0,605.5853772163391,0,0,0,0,0.7961783439490446,0.7806451612903226,1
"binOCT","balance-scale_enc.csv",468,5,0.1,600,9,94.0,0.7991452991452992,100.0,10202.0,614.2591500282288,0,0,0,0,0.7707006369426752,0.7935483870967742,1
"OCT","balance-scale_enc.csv",468,5,0.1,600,9,-inf,"NA",inf,1.0,610.389262676239,0,0,0,0,"NA","NA",1
"Cart","balance-scale_enc.csv",468,5,0.1,600,"NA","NA",0.46794871794871795,"NA","NA",0.001994609832763672,"NA","NA","NA","NA",0.4394904458598726,0.49032258064516127,2
"BendersOCT","balance-scale_enc.csv",468,5,0.1,600,9,-89.19999999999732,0.7927350427350427,99.4394618834076,9830.0,600.0219247341156,15.379095554351807,14.612203359603882,224,198,0.7898089171974523,0.832258064516129,2
"FlowOCT","balance-scale_enc.csv",468,5,0.1,600,9,-86.49999999999727,0.7991452991452992,99.57515510479256,516.0,605.4416902065277,0,0,0,0,0.7770700636942676,0.7935483870967742,2
"binOCT","balance-scale_enc.csv",468,5,0.1,600,9,96.99999910908994,0.7927350427350427,100.0,10597.0,613.9844379425049,0,0,0,0,0.8089171974522293,0.8064516129032258,2
"OCT","balance-scale_enc.csv",468,5,0.1,600,9,-inf,"NA",inf,1.0,610.5536737442017,0,0,0,0,"NA","NA",2
"Cart","balance-scale_enc.csv",468,5,0.1,600,"NA","NA",0.47435897435897434,"NA","NA",0.0019936561584472656,"NA","NA","NA","NA",0.42038216560509556,0.47096774193548385,3
"BendersOCT","balance-scale_enc.csv",468,5,0.1,600,9,-85.79999999999728,0.8012820512820513,99.39054087902657,11569.0,600.0249562263489,13.728326082229614,13.041053295135498,210,185,0.732484076433121,0.8064516129032258,3
"FlowOCT","balance-scale_enc.csv",468,5,0.1,600,9,-78.69999999999732,0.8183760683760684,99.52133241543338,545.0,605.8338820934296,0,0,0,0,0.7197452229299363,0.832258064516129,3
"binOCT","balance-scale_enc.csv",468,5,0.1,600,9,88.99999974999699,0.8098290598290598,100.0,9686.0,614.0070507526398,0,0,0,0,0.7452229299363057,0.8193548387096774,3
"OCT","balance-scale_enc.csv",468,5,0.1,600,9,-inf,"NA",inf,1.0,610.7462153434753,0,0,0,0,"NA","NA",3
"Cart","balance-scale_enc.csv",468,5,0.1,600,"NA","NA",0.4722222222222222,"NA","NA",0.003943204879760742,"NA","NA","NA","NA",0.4267515923566879,0.47096774193548385,4
"BendersOCT","balance-scale_enc.csv",468,5,0.1,600,9,-100.69999999999732,0.7649572649572649,99.56000305553425,11745.0,600.0466923713684,17.44532799720764,16.992465257644653,275,258,0.7388535031847133,0.7612903225806451,4
"FlowOCT","balance-scale_enc.csv",468,5,0.1,600,9,-80.59999999999724,0.8141025641025641,99.49117030829478,513.0,605.7945609092712,0,0,0,0,0.7388535031847133,0.8,4
"binOCT","balance-scale_enc.csv",468,5,0.1,600,9,85.99999949999994,0.8162393162393162,100.0,10202.0,614.1943612098694,0,0,0,0,0.6624203821656051,0.7935483870967742,4
"OCT","balance-scale_enc.csv",468,5,0.1,600,9,-inf,"NA",inf,1.0,611.4601056575775,0,0,0,0,"NA","NA",4
"Cart","car_evaluation_enc.csv",1296,2,0.1,600,"NA","NA",0.6967592592592593,"NA","NA",0.002992868423461914,"NA","NA","NA","NA",0.7106481481481481,0.6752336448598131,1
"BendersOCT","car_evaluation_enc.csv",1296,2,0.1,600,2,-254.8999999999944,0.7816358024691358,0.0,2663.0,57.00869679450989,3.0571446418762207,2.8766043186187744,34,29,0.7662037037037037,0.7757009345794392,1
"FlowOCT","car_evaluation_enc.csv",1296,2,0.1,600,2,-254.8999999999943,0.7816358024691358,0.0,1069.0,90.20667123794556,0,0,0,0,0.7662037037037037,0.7757009345794392,1
"binOCT","car_evaluation_enc.csv",1296,2,0.1,600,2,282.9999999999839,0.7816358024691358,0.0,14104.0,127.14935278892517,0,0,0,0,0.7662037037037037,0.7757009345794392,1
"OCT","car_evaluation_enc.csv",1296,2,0.1,600,9,4410.6,0.7816358024691358,5.75431914025303,865.0,602.0322391986847,0,0,0,0,0.7662037037037037,0.7757009345794392,1
"Cart","car_evaluation_enc.csv",1296,2,0.1,600,"NA","NA",0.6921296296296297,"NA","NA",0.0029916763305664062,"NA","NA","NA","NA",0.7245370370370371,0.6728971962616822,2
"BendersOCT","car_evaluation_enc.csv",1296,2,0.1,600,2,-252.19999999999425,0.7839506172839507,0.0,1274.0,46.88454294204712,3.302539825439453,3.062276601791382,29,23,0.7592592592592593,0.7616822429906542,2
"FlowOCT","car_evaluation_enc.csv",1296,2,0.1,600,2,-252.19999999999436,0.7839506172839507,0.0,910.0,85.26545429229736,0,0,0,0,0.7592592592592593,0.7616822429906542,2
"binOCT","car_evaluation_enc.csv",1296,2,0.1,600,2,280.0,0.7839506172839507,0.0,10787.0,222.831618309021,0,0,0,0,0.7592592592592593,0.7616822429906542,2
"OCT","car_evaluation_enc.csv",1296,2,0.1,600,9,4413.3,0.7839506172839507,5.710012915505404,817.0,602.3381323814392,0,0,0,0,0.7592592592592593,0.7616822429906542,2
"Cart","car_evaluation_enc.csv",1296,2,0.1,600,"NA","NA",0.7006172839506173,"NA","NA",0.002992391586303711,"NA","NA","NA","NA",0.6990740740740741,0.7219626168224299,3
"BendersOCT","car_evaluation_enc.csv",1296,2,0.1,600,2,-252.19999999999425,0.7839506172839507,0.0,1492.0,54.44772815704346,3.104611873626709,2.907224655151367,23,18,0.7592592592592593,0.7990654205607477,3
"FlowOCT","car_evaluation_enc.csv",1296,2,0.1,600,2,-252.19999999999425,0.7839506172839507,0.0,1901.0,127.31381368637085,0,0,0,0,0.7592592592592593,0.7990654205607477,3
"binOCT","car_evaluation_enc.csv",1296,2,0.1,600,2,279.9999999999893,0.7839506172839507,0.09852216748395518,13776.0,192.40217566490173,0,0,0,0,0.7592592592592593,0.7990654205607477,3
"OCT","car_evaluation_enc.csv",1296,2,0.1,600,9,4413.3,0.7839506172839507,2.1095325493395043,2496.0,602.1072497367859,0,0,0,0,0.7592592592592593,0.7990654205607477,3
"Cart","car_evaluation_enc.csv",1296,2,0.1,600,"NA","NA",0.6959876543209876,"NA","NA",0.004022359848022461,"NA","NA","NA","NA",0.7129629629629629,0.6822429906542056,4
"BendersOCT","car_evaluation_enc.csv",1296,2,0.1,600,2,-260.29999999999427,0.7770061728395061,0.0,1774.0,60.59124517440796,2.770106077194214,2.6823008060455322,24,21,0.7800925925925926,0.7686915887850467,4
"FlowOCT","car_evaluation_enc.csv",1296,2,0.1,600,2,-260.2999999999944,0.7770061728395061,0.0,717.0,68.06267428398132,0,0,0,0,0.7800925925925926,0.7686915887850467,4
"binOCT","car_evaluation_enc.csv",1296,2,0.1,600,2,289.0,0.7770061728395061,0.0,11002.0,187.6618926525116,0,0,0,0,0.7800925925925926,0.7686915887850467,4
"OCT","car_evaluation_enc.csv",1296,2,0.1,600,9,4405.200000000001,0.7770061728395061,5.904385725960195,2216.0,602.067688703537,0,0,0,0,0.7800925925925926,0.7686915887850467,4
"Cart","car_evaluation_enc.csv",1296,3,0.1,600,"NA","NA",0.6967592592592593,"NA","NA",0.004034996032714844,"NA","NA","NA","NA",0.7106481481481481,0.6752336448598131,1
"BendersOCT","car_evaluation_enc.csv",1296,3,0.1,600,9,-218.099999999994,0.8132716049382716,71.63489880133291,12764.0,600.0576570034027,7.976613521575928,7.611738443374634,54,45,0.7824074074074074,0.794392523364486,1
"FlowOCT","car_evaluation_enc.csv",1296,3,0.1,600,9,-238.09999999999422,0.7962962962962963,96.95941081178772,1020.0,603.839695930481,0,0,0,0,0.7777777777777778,0.7850467289719626,1
"binOCT","car_evaluation_enc.csv",1296,3,0.1,600,9,241.99999999997314,0.8132716049382716,100.0,18166.0,606.6164846420288,0,0,0,0,0.7824074074074074,0.794392523364486,1
"OCT","car_evaluation_enc.csv",1296,3,0.1,600,9,9015.599999999999,0.7299382716049383,3.4972713962465187,20.0,605.4030404090881,0,0,0,0,0.7569444444444444,0.6962616822429907,1
"Cart","car_evaluation_enc.csv",1296,3,0.1,600,"NA","NA",0.6921296296296297,"NA","NA",0.004992008209228516,"NA","NA","NA","NA",0.7245370370370371,0.6728971962616822,2
"BendersOCT","car_evaluation_enc.csv",1296,3,0.1,600,9,-215.4999999999941,0.8155864197530864,90.6235498839896,8336.0,600.0268590450287,7.5816802978515625,7.33648157119751,51,45,0.7754629629629629,0.7873831775700935,2
"FlowOCT","car_evaluation_enc.csv",1296,3,0.1,600,9,-220.79999999999416,0.8109567901234568,99.2292490118732,772.0,603.8749604225159,0,0,0,0,0.7893518518518519,0.7920560747663551,2
"binOCT","car_evaluation_enc.csv",1296,3,0.1,600,9,244.99999999999145,0.8109567901234568,100.0,22054.0,606.3358190059662,0,0,0,0,0.7893518518518519,0.7920560747663551,2
"OCT","car_evaluation_enc.csv",1296,3,0.1,600,9,-inf,"NA",inf,33.0,604.8228578567505,0,0,0,0,"NA","NA",2
"Cart","car_evaluation_enc.csv",1296,3,0.1,600,"NA","NA",0.7006172839506173,"NA","NA",0.002991914749145508,"NA","NA","NA","NA",0.6990740740740741,0.7219626168224299,3
"BendersOCT","car_evaluation_enc.csv",1296,3,0.1,600,9,-218.9999999999942,0.8125,98.19300286124981,5750.0,600.0319528579712,9.197666883468628,8.645093202590942,74,63,0.7847222222222222,0.8177570093457944,3
"FlowOCT","car_evaluation_enc.csv",1296,3,0.1,600,9,-218.9999999999941,0.8125,99.77168949771212,718.0,603.8356697559357,0,0,0,0,0.7847222222222222,0.8177570093457944,3
"binOCT","car_evaluation_enc.csv",1296,3,0.1,600,9,242.9999999999982,0.8125,100.0,26564.0,606.2922313213348,0,0,0,0,0.7847222222222222,0.8177570093457944,3
"OCT","car_evaluation_enc.csv",1296,3,0.1,600,9,8981.4,0.7006172839506173,3.891375509386065,108.0,604.9209144115448,0,0,0,0,0.6990740740740741,0.7219626168224299,3
"Cart","car_evaluation_enc.csv",1296,3,0.1,600,"NA","NA",0.6959876543209876,"NA","NA",0.0040285587310791016,"NA","NA","NA","NA",0.7129629629629629,0.6822429906542056,4
"BendersOCT","car_evaluation_enc.csv",1296,3,0.1,600,9,-230.69999999999413,0.8024691358024691,77.69830949284658,12196.0,600.1072962284088,8.332552433013916,7.916518211364746,64,55,0.8148148148148148,0.8014018691588785,4
"FlowOCT","car_evaluation_enc.csv",1296,3,0.1,600,9,-230.69999999999413,0.8024691358024691,99.73808242695988,568.0,908.3974092006683,0,0,0,0,0.8148148148148148,0.7990654205607477,4
"binOCT","car_evaluation_enc.csv",1296,3,0.1,600,9,249.0,0.8078703703703703,100.0,13777.0,615.669713973999,0,0,0,0,0.7986111111111112,0.8107476635514018,4
"OCT","car_evaluation_enc.csv",1296,3,0.1,600,9,-inf,"NA",inf,1.0,604.3423364162445,0,0,0,0,"NA","NA",4
"Cart","car_evaluation_enc.csv",1296,4,0.1,600,"NA","NA",0.6967592592592593,"NA","NA",0.09891963005065918,"NA","NA","NA","NA",0.7106481481481481,0.6752336448598131,1
"BendersOCT","car_evaluation_enc.csv",1296,4,0.1,600,9,-200.39999999999395,0.8287037037037037,99.76152821356317,4223.0,600.0461006164551,16.140058994293213,15.696146488189697,96,86,0.7916666666666666,0.8130841121495327,1
"FlowOCT","car_evaluation_enc.csv",1296,4,0.1,600,9,-218.099999999994,0.8132716049382716,99.85306339074022,5.0,606.9015080928802,0,0,0,0,0.7824074074074074,0.794392523364486,1
"binOCT","car_evaluation_enc.csv",1296,4,0.1,600,9,240.9999999999991,0.8140432098765432,100.0,2193.0,614.0925509929657,0,0,0,0,0.7615740740740741,0.8014018691588785,1
"OCT","car_evaluation_enc.csv",1296,4,0.1,600,9,-inf,"NA",inf,1.0,611.1122155189514,0,0,0,0,"NA","NA",1
"Cart","car_evaluation_enc.csv",1296,4,0.1,600,"NA","NA",0.6921296296296297,"NA","NA",0.002003192901611328,"NA","NA","NA","NA",0.7245370370370371,0.6728971962616822,2
"BendersOCT","car_evaluation_enc.csv",1296,4,0.1,600,9,-220.9999999999941,0.8109567901234568,99.80927547474082,4513.0,600.0342352390289,16.97194528579712,16.388471364974976,111,101,0.7893518518518519,0.7920560747663551,2
"FlowOCT","car_evaluation_enc.csv",1296,4,0.1,600,9,-235.29999999999416,0.7986111111111112,99.86896160927887,1.0,607.0614075660706,0,0,0,0,0.8009259259259259,0.7897196261682243,2
"binOCT","car_evaluation_enc.csv",1296,4,0.1,600,9,224.0,0.8271604938271605,100.0,2179.0,614.1574997901917,0,0,0,0,0.7962962962962963,0.8014018691588785,2
"OCT","car_evaluation_enc.csv",1296,4,0.1,600,9,18368.1,0.7484567901234568,1.6006010420239438,1.0,612.2040493488312,0,0,0,0,0.7777777777777778,0.7242990654205608,2
"Cart","car_evaluation_enc.csv",1296,4,0.1,600,"NA","NA",0.7006172839506173,"NA","NA",0.003989219665527344,"NA","NA","NA","NA",0.6990740740740741,0.7219626168224299,3
"BendersOCT","car_evaluation_enc.csv",1296,4,0.1,600,9,-201.9999999999941,0.8271604938271605,99.7959233117436,4640.0,600.0403249263763,15.18289852142334,14.688281297683716,96,86,0.7962962962962963,0.8411214953271028,3
"FlowOCT","car_evaluation_enc.csv",1296,4,0.1,600,9,-218.9999999999941,0.8125,99.86301369861769,1.0,607.1522443294525,0,0,0,0,0.7847222222222222,0.8177570093457944,3
"binOCT","car_evaluation_enc.csv",1296,4,0.1,600,9,225.0,0.8263888888888888,100.0,1365.0,614.5222859382629,0,0,0,0,0.7986111111111112,0.8294392523364486,3
"OCT","car_evaluation_enc.csv",1296,4,0.1,600,9,-inf,"NA",inf,1.0,612.0116858482361,0,0,0,0,"NA","NA",3
"Cart","car_evaluation_enc.csv",1296,4,0.1,600,"NA","NA",0.6959876543209876,"NA","NA",0.003017425537109375,"NA","NA","NA","NA",0.7129629629629629,0.6822429906542056,4
"BendersOCT","car_evaluation_enc.csv",1296,4,0.1,600,9,-204.89999999999407,0.8248456790123457,99.77942092376907,4988.0,600.0313210487366,14.192749738693237,13.626311779022217,102,91,0.8032407407407407,0.8294392523364486,4
"FlowOCT","car_evaluation_enc.csv",1296,4,0.1,600,9,-230.69999999999413,0.8024691358024691,99.86996098827305,1.0,609.2055580615997,0,0,0,0,0.8148148148148148,0.8014018691588785,4
"binOCT","car_evaluation_enc.csv",1296,4,0.1,600,9,267.0,0.7939814814814815,100.0,2157.0,615.610901594162,0,0,0,0,0.7847222222222222,0.7873831775700935,4
"OCT","car_evaluation_enc.csv",1296,4,0.1,600,9,-inf,"NA",inf,1.0,611.7108814716339,0,0,0,0,"NA","NA",4
"Cart","car_evaluation_enc.csv",1296,5,0.1,600,"NA","NA",0.6967592592592593,"NA","NA",0.003988742828369141,"NA","NA","NA","NA",0.7106481481481481,0.6752336448598131,1
"BendersOCT","car_evaluation_enc.csv",1296,5,0.1,600,9,-205.29999999999404,0.8248456790123457,99.80516317583985,4389.0,600.0406346321106,26.335463285446167,25.611371994018555,152,139,0.8009259259259259,0.8084112149532711,1
"FlowOCT","car_evaluation_enc.csv",1296,5,0.1,600,9,-353.69999999999504,0.6967592592592593,3957.251908396205,1.0,614.8776879310608,0,0,0,0,0.7106481481481481,0.6752336448598131,1
"binOCT","car_evaluation_enc.csv",1296,5,0.1,600,9,317.9999999999967,0.7546296296296297,100.0,523.0,639.8907315731049,0,0,0,0,0.75,0.7336448598130841,1
"OCT","car_evaluation_enc.csv",1296,5,0.1,600,9,-inf,"NA",inf,1.0,628.6234755516052,0,0,0,0,"NA","NA",1
"Cart","car_evaluation_enc.csv",1296,5,0.1,600,"NA","NA",0.6921296296296297,"NA","NA",0.004987478256225586,"NA","NA","NA","NA",0.7245370370370371,0.6728971962616822,2
"BendersOCT","car_evaluation_enc.csv",1296,5,0.1,600,9,-210.89999999999372,0.8209876543209876,99.813846909939,4701.0,600.0391981601715,29.263423919677734,28.536489725112915,157,146,0.8009259259259259,0.8060747663551402,2
"FlowOCT","car_evaluation_enc.csv",1296,5,0.1,600,9,-359.0999999999949,0.6921296296296297,3897.7443609015,1.0,614.701708316803,0,0,0,0,0.7245370370370371,0.6728971962616822,2
"binOCT","car_evaluation_enc.csv",1296,5,0.1,600,9,236.99999999999793,0.8171296296296297,100.0,523.0,639.4540045261383,0,0,0,0,0.7916666666666666,0.8037383177570093,2
"OCT","car_evaluation_enc.csv",1296,5,0.1,600,9,36964.80000000002,0.6921296296296297,0.9738994935722629,1.0,629.2361481189728,0,0,0,0,0.7245370370370371,0.6728971962616822,2
"Cart","car_evaluation_enc.csv",1296,5,0.1,600,"NA","NA",0.7006172839506173,"NA","NA",0.004625558853149414,"NA","NA","NA","NA",0.6990740740740741,0.7219626168224299,3
"BendersOCT","car_evaluation_enc.csv",1296,5,0.1,600,9,-164.99999999999363,0.8595679012345679,99.75757575757514,4185.0,600.0578894615173,26.031991481781006,25.14336919784546,158,144,0.8310185185185185,0.8644859813084113,3
"FlowOCT","car_evaluation_enc.csv",1296,5,0.1,600,9,-349.19999999999493,0.7006172839506173,4008.2474226796558,1.0,614.8616714477539,0,0,0,0,0.6990740740740741,0.7219626168224299,3
"binOCT","car_evaluation_enc.csv",1296,5,0.1,600,9,211.9999999999947,0.8364197530864198,100.0,523.0,635.6431286334991,0,0,0,0,0.8240740740740741,0.8457943925233645,3
"OCT","car_evaluation_enc.csv",1296,5,0.1,600,9,36974.70000000002,0.7006172839506173,0.9468636662366384,1.0,627.9543333053589,0,0,0,0,0.6990740740740741,0.7219626168224299,3
"Cart","car_evaluation_enc.csv",1296,5,0.1,600,"NA","NA",0.6959876543209876,"NA","NA",0.003984928131103516,"NA","NA","NA","NA",0.7129629629629629,0.6822429906542056,4
"BendersOCT","car_evaluation_enc.csv",1296,5,0.1,600,9,-211.19999999999402,0.8194444444444444,99.80847425001419,3880.0,600.0501477718353,30.889111757278442,30.1281099319458,153,140,0.8194444444444444,0.8107476635514018,4
"FlowOCT","car_evaluation_enc.csv",1296,5,0.1,600,9,-354.5999999999949,0.6959876543209876,3947.2081218266467,1.0,615.156224489212,0,0,0,0,0.7129629629629629,0.6822429906542056,4
"binOCT","car_evaluation_enc.csv",1296,5,0.1,600,9,219.0,0.8310185185185185,100.0,522.0,637.7443089485168,0,0,0,0,0.8402777777777778,0.8247663551401869,4
"OCT","car_evaluation_enc.csv",1296,5,0.1,600,9,36969.30000000002,0.6959876543209876,0.9616086861260555,1.0,627.2457354068756,0,0,0,0,0.7129629629629629,0.6822429906542056,4
